;;;;;;;;;;;;;;;;;22.874.636,98;;;
Sì/No (R);Chiave (S);Project ID (T);Comune (U);Comune (V);BU (W);Type of service (X);Type of Contract (Y);Dettaglio commessa (Z);Activity Code (AA);04 - Materiali (AB);02 - Servizi (AC);03 - Manodopera (AD);01 - Oneri (AE);Totale (AF);% ATI (AG);Capitalizzazioni (AH);Capitalizzazione + Costi indiretti (AI);Società (AJ);Stato;Nota
;;SEC-PHV-C978-01;diretti;Copertino 1;South;Photovoltaic;Photovoltaic;COMUNE DI COPERTINO : FOTOVOLTAICO COPERTINO 1;;;;;;;;;653.631,54;Civismart;;Fotovoltaico → Civismart sempre · classificazione: anagrafica CVS BU
;;SEC-PHV-E058-01;diretti;Giulianova;Centre;Photovoltaic;Photovoltaic;COMUNE DI GIULIANOVA : FOTOVOLTAICO GIULIANOVA;;;;;;;;;701.108,48;Civismart;;Fotovoltaico → Civismart sempre · classificazione: storico CapEx
;;SEC-PHV-C844-01;diretti;Collarmele;Centre;Photovoltaic;Photovoltaic;COMUNE DI COLLARMELE : FOTOVOLTAICO COLLARMELE;;;;;;;;;631.220,77;Civismart;;Fotovoltaico → Civismart sempre · classificazione: storico CapEx
;;SEC-PHV-F690-01;diretti;Montorio al Vomano;Centre;Photovoltaic;Photovoltaic;COMUNE DI MONTORIO AL VOMANO : FOTOVOLTAICO MONTORIO AL VOMANO 1;;;;;;;;;1.446.673,77;Civismart;;Fotovoltaico → Civismart sempre · classificazione: storico CapEx
;;SEC-PHV-F690-03;diretti;Montorio al Vomano;Centre;Photovoltaic;Photovoltaic;COMUNE DI MONTORIO AL VOMANO : FOTOVOLTAICO MONTORIO AL VOMANO 4;;;;;;;;;117.154,29;Civismart;;Fotovoltaico → Civismart sempre · classificazione: storico CapEx
;;SEC-PHV-B792-01;diretti;Carmiano;South;Photovoltaic;Photovoltaic;COMUNE DI CARMIANO : FOTOVOLTAICO CARMIANO;;;;;;;;;234.811,15;Civismart;;Fotovoltaico → Civismart sempre · classificazione: storico CapEx
;;SEC-PHV-F690-02;diretti;Montorio 3;Centre;Photovoltaic;Photovoltaic;COMUNE DI MONTORIO AL VOMANO : FOTOVOLTAICO MONTORIO AL VOMANO 3;;;;;;;;;577.799,24;Civismart;;Fotovoltaico → Civismart sempre · classificazione: anagrafica CVS BU
;;SEC-PHV-A515-02;diretti;Avezzano;Centre;Photovoltaic;Photovoltaic;COMUNE DI AVEZZANO : FOTOVOLTAICO AVEZZANO 4;;;;;;;;;859.722,78;Civismart;;Fotovoltaico → Civismart sempre · classificazione: anagrafica CVS BU
;;SEC-PHV-C978-02;diretti;Copertino;South;Photovoltaic;Photovoltaic;COMUNE DI COPERTINO : FOTOVOLTAICO COPERTINO 2;;;;;;;;;412.074,99;Civismart;;Fotovoltaico → Civismart sempre · classificazione: storico CapEx
;;SEC-PHV-L419-01;diretti;Tricase;South;Photovoltaic;Photovoltaic;COMUNE DI TRICASE : FOTOVOLTAICO TRICASE;;;;;;;;;125.311,22;Civismart;;Fotovoltaico → Civismart sempre · classificazione: storico CapEx
;;SEC-PHV-I553-02;diretti;Scurcola Marsicana;Centre;Photovoltaic;Photovoltaic;COMUNE DI SCURCOLA MARSICANA : FOTOVOLTAICO SCURCOLA 1;;;;;;;;;95.138,14;Civismart;;Fotovoltaico → Civismart sempre · classificazione: storico CapEx
;;SEC-PHV-C999-01;diretti;Corfinio;Centre;Photovoltaic;Photovoltaic;COMUNE DI CORFINIO : FOTOVOLTAICO CORFINIO;;;;;;;;;522.263,97;Civismart;;Fotovoltaico → Civismart sempre · classificazione: storico CapEx
;;SEC-PHV-B008-01;diretti;Borgorose;Centre;Photovoltaic;Photovoltaic;COMUNE DI BORGOROSE : FOTOVOLTAICO BORGOROSE;;;;;;;;;632.923,44;Civismart;;Fotovoltaico → Civismart sempre · classificazione: anagrafica CVS BU
;;SEC-PHV-B506-05;diretti;CAMPI SALENTINA;South;Photovoltaic;Photovoltaic;COMUNE DI CAMPI SALENTINA : FOTOVOLTAICO CAMPI SALENTINA 1;;;;;;;;;821.138,50;Civismart;;Fotovoltaico → Civismart sempre · classificazione: storico CapEx
;;SEC-PHV-F415-01;diretti;Montalto Delle Marche PV;Centre;Photovoltaic;Photovoltaic;Comune di Montalto delle Marche : Impianti Fotovoltaici Montalto delle Marche;;;;;;;;;33,52;Civismart;;Fotovoltaico → Civismart sempre · classificazione: anagrafica CVS BU
;;SEC-PHV-A515-01;diretti;Avezzano;Centre;Photovoltaic;Photovoltaic;COMUNE DI AVEZZANO : FOTOVOLTAICO AVEZZANO 3;;;;;;;;;759.865,00;Civismart;;Fotovoltaico → Civismart sempre · classificazione: storico CapEx
;;SEC-PHV-H166-01;diretti;Raiano;Centre;Photovoltaic;Photovoltaic;COMUNE DI RAIANO : FOTOVOLTAICO RAIANO 1;;;;;;;;;227.577,20;Civismart;;Fotovoltaico → Civismart sempre · classificazione: storico CapEx
;;SEC-PHV-H166-02;diretti;Raiano;Centre;Photovoltaic;Photovoltaic;COMUNE DI RAIANO : FOTOVOLTAICO RAIANO 2;;;;;;;;;287.778,70;Civismart;;Fotovoltaico → Civismart sempre · classificazione: storico CapEx
;;SEC-PHV-L074-02;diretti;Taviano;South;Photovoltaic;Photovoltaic;COMUNE DI TAVIANO : FOTOVOLTAICO TAVIANO 2;;;;;;;;;357.999,75;Civismart;;Fotovoltaico → Civismart sempre · classificazione: storico CapEx
;;SEC-PHV-A515-03;diretti;Avezzano;Centre;Photovoltaic;Photovoltaic;COMUNE DI AVEZZANO : FOTOVOLTAICO AVEZZANO 5;;;;;;;;;49.844;Civismart;;Fotovoltaico → Civismart sempre · classificazione: storico CapEx
;;SEC-PHV-I457-01;diretti;Sasso di Castalda PV;South;Photovoltaic;Photovoltaic;Comune di Sasso di Castalda : Fotovoltaico Sasso di Castalda;;;;;;;;;30,21;Civismart;;Fotovoltaico → Civismart sempre · classificazione: anagrafica CVS BU
;;SEC-PHV-D593-01;diretti;Filiano PV;South;Photovoltaic;Photovoltaic;Comune di Filiano : Fotovoltaico Filiano;;;;;;;;;80,56;Civismart;;Fotovoltaico → Civismart sempre · classificazione: anagrafica CVS BU
;;SEC-PHV-M269-01;diretti;Paterno PV;South;Photovoltaic;Photovoltaic;Comune di Paterno : Fotovoltaico Paterno;;;;;;;;;30,21;Civismart;;Fotovoltaico → Civismart sempre · classificazione: anagrafica CVS BU
;;SEC-PHV-F158-02;diretti;MESSINA;South;Photovoltaic;Photovoltaic;COMUNE DI MESSINA : FOTOVOLTAICO MESSINA;;;;;;;;;26.000;Civismart;;Fotovoltaico → Civismart sempre · classificazione: storico CapEx
;;SEC-PHV-H882-01;diretti;San Giorgio Ionico;South;Photovoltaic;Photovoltaic;COMUNE DI SAN GIORGIO IONICO : FOTOVOLTAICO SAN GIORGIO IONICO;;;;;;;;;134.001,08;Civismart;;Fotovoltaico → Civismart sempre · classificazione: storico CapEx
;;SEC-PHV-C978-01;indiretti;Copertino 1;South;Photovoltaic;Photovoltaic;COMUNE DI COPERTINO : FOTOVOLTAICO COPERTINO 1;;;;;;;;;98.044,73;Civismart;;Fotovoltaico → Civismart sempre · classificazione: anagrafica CVS BU
;;SEC-PHV-E058-01;indiretti;Giulianova;Centre;Photovoltaic;Photovoltaic;COMUNE DI GIULIANOVA : FOTOVOLTAICO GIULIANOVA;;;;;;;;;105.166,27;Civismart;;Fotovoltaico → Civismart sempre · classificazione: storico CapEx
;;SEC-PHV-C844-01;indiretti;Collarmele;Centre;Photovoltaic;Photovoltaic;COMUNE DI COLLARMELE : FOTOVOLTAICO COLLARMELE;;;;;;;;;94.683,11;Civismart;;Fotovoltaico → Civismart sempre · classificazione: storico CapEx
;;SEC-PHV-F690-01;indiretti;Montorio al Vomano;Centre;Photovoltaic;Photovoltaic;COMUNE DI MONTORIO AL VOMANO : FOTOVOLTAICO MONTORIO AL VOMANO 1;;;;;;;;;217.001,06;Civismart;;Fotovoltaico → Civismart sempre · classificazione: storico CapEx
;;SEC-PHV-F690-03;indiretti;Montorio al Vomano;Centre;Photovoltaic;Photovoltaic;COMUNE DI MONTORIO AL VOMANO : FOTOVOLTAICO MONTORIO AL VOMANO 4;;;;;;;;;17.573,14;Civismart;;Fotovoltaico → Civismart sempre · classificazione: storico CapEx
;;SEC-PHV-B792-01;indiretti;Carmiano;South;Photovoltaic;Photovoltaic;COMUNE DI CARMIANO : FOTOVOLTAICO CARMIANO;;;;;;;;;35.221,67;Civismart;;Fotovoltaico → Civismart sempre · classificazione: storico CapEx
;;SEC-PHV-F690-02;indiretti;Montorio 3;Centre;Photovoltaic;Photovoltaic;COMUNE DI MONTORIO AL VOMANO : FOTOVOLTAICO MONTORIO AL VOMANO 3;;;;;;;;;86.669,89;Civismart;;Fotovoltaico → Civismart sempre · classificazione: anagrafica CVS BU
;;SEC-PHV-A515-02;indiretti;Avezzano;Centre;Photovoltaic;Photovoltaic;COMUNE DI AVEZZANO : FOTOVOLTAICO AVEZZANO 4;;;;;;;;;128.958,42;Civismart;;Fotovoltaico → Civismart sempre · classificazione: anagrafica CVS BU
;;SEC-PHV-C978-02;indiretti;Copertino;South;Photovoltaic;Photovoltaic;COMUNE DI COPERTINO : FOTOVOLTAICO COPERTINO 2;;;;;;;;;61.811,25;Civismart;;Fotovoltaico → Civismart sempre · classificazione: storico CapEx
;;SEC-PHV-L419-01;indiretti;Tricase;South;Photovoltaic;Photovoltaic;COMUNE DI TRICASE : FOTOVOLTAICO TRICASE;;;;;;;;;18.796,68;Civismart;;Fotovoltaico → Civismart sempre · classificazione: storico CapEx
;;SEC-PHV-I553-02;indiretti;Scurcola Marsicana;Centre;Photovoltaic;Photovoltaic;COMUNE DI SCURCOLA MARSICANA : FOTOVOLTAICO SCURCOLA 1;;;;;;;;;14.270,72;Civismart;;Fotovoltaico → Civismart sempre · classificazione: storico CapEx
;;SEC-PHV-C999-01;indiretti;Corfinio;Centre;Photovoltaic;Photovoltaic;COMUNE DI CORFINIO : FOTOVOLTAICO CORFINIO;;;;;;;;;78.339,59;Civismart;;Fotovoltaico → Civismart sempre · classificazione: storico CapEx
;;SEC-PHV-B008-01;indiretti;Borgorose;Centre;Photovoltaic;Photovoltaic;COMUNE DI BORGOROSE : FOTOVOLTAICO BORGOROSE;;;;;;;;;94.938,52;Civismart;;Fotovoltaico → Civismart sempre · classificazione: anagrafica CVS BU
;;SEC-PHV-B506-05;indiretti;CAMPI SALENTINA;South;Photovoltaic;Photovoltaic;COMUNE DI CAMPI SALENTINA : FOTOVOLTAICO CAMPI SALENTINA 1;;;;;;;;;123.170,78;Civismart;;Fotovoltaico → Civismart sempre · classificazione: storico CapEx
;;SEC-PHV-F415-01;indiretti;Montalto Delle Marche PV;Centre;Photovoltaic;Photovoltaic;Comune di Montalto delle Marche : Impianti Fotovoltaici Montalto delle Marche;;;;;;;;;5,028;Civismart;;Fotovoltaico → Civismart sempre · classificazione: anagrafica CVS BU
;;SEC-PHV-A515-01;indiretti;Avezzano;Centre;Photovoltaic;Photovoltaic;COMUNE DI AVEZZANO : FOTOVOLTAICO AVEZZANO 3;;;;;;;;;113.979,75;Civismart;;Fotovoltaico → Civismart sempre · classificazione: storico CapEx
;;SEC-PHV-H166-01;indiretti;Raiano;Centre;Photovoltaic;Photovoltaic;COMUNE DI RAIANO : FOTOVOLTAICO RAIANO 1;;;;;;;;;34.136,58;Civismart;;Fotovoltaico → Civismart sempre · classificazione: storico CapEx
;;SEC-PHV-H166-02;indiretti;Raiano;Centre;Photovoltaic;Photovoltaic;COMUNE DI RAIANO : FOTOVOLTAICO RAIANO 2;;;;;;;;;43.166,81;Civismart;;Fotovoltaico → Civismart sempre · classificazione: storico CapEx
;;SEC-PHV-L074-02;indiretti;Taviano;South;Photovoltaic;Photovoltaic;COMUNE DI TAVIANO : FOTOVOLTAICO TAVIANO 2;;;;;;;;;53.699,96;Civismart;;Fotovoltaico → Civismart sempre · classificazione: storico CapEx
;;SEC-PHV-A515-03;indiretti;Avezzano;Centre;Photovoltaic;Photovoltaic;COMUNE DI AVEZZANO : FOTOVOLTAICO AVEZZANO 5;;;;;;;;;7476,6;Civismart;;Fotovoltaico → Civismart sempre · classificazione: storico CapEx
;;SEC-PHV-I457-01;indiretti;Sasso di Castalda PV;South;Photovoltaic;Photovoltaic;Comune di Sasso di Castalda : Fotovoltaico Sasso di Castalda;;;;;;;;;4,5315;Civismart;;Fotovoltaico → Civismart sempre · classificazione: anagrafica CVS BU
;;SEC-PHV-D593-01;indiretti;Filiano PV;South;Photovoltaic;Photovoltaic;Comune di Filiano : Fotovoltaico Filiano;;;;;;;;;12,084;Civismart;;Fotovoltaico → Civismart sempre · classificazione: anagrafica CVS BU
;;SEC-PHV-M269-01;indiretti;Paterno PV;South;Photovoltaic;Photovoltaic;Comune di Paterno : Fotovoltaico Paterno;;;;;;;;;4,5315;Civismart;;Fotovoltaico → Civismart sempre · classificazione: anagrafica CVS BU
;;SEC-PHV-F158-02;indiretti;MESSINA;South;Photovoltaic;Photovoltaic;COMUNE DI MESSINA : FOTOVOLTAICO MESSINA;;;;;;;;;3900;Civismart;;Fotovoltaico → Civismart sempre · classificazione: storico CapEx
;;SEC-PHV-H882-01;indiretti;San Giorgio Ionico;South;Photovoltaic;Photovoltaic;COMUNE DI SAN GIORGIO IONICO : FOTOVOLTAICO SAN GIORGIO IONICO;;;;;;;;;20.100,16;Civismart;;Fotovoltaico → Civismart sempre · classificazione: storico CapEx
;;PPP-IPU-F826-01;COMUNE DI MUSILE DI PIAVE ;Musile di Piave;North East;Public Streetlighting;PPP; MUSILE DI PIAVE ILLUMINAZIONE PUBBLICA;Construction(OLD);;;;;;;;145.014,80;CMV II;;Comune: anagrafica CVS BU (per codice commessa) · BU: anagrafica CVS BU · classificazione: anagrafica CVS BU
;;PPP-IPU-M428-02;COMUNE DI PRESICCE - ACQUARICA ;Presicce;South;Public Streetlighting;PPP; PRESICCE-ACQUARICA (sussidiaria) ILL. PUBBLICA;Construction(OLD);;;;;;;;394.653,75;Presicce;;Comune: anagrafica CVS BU (per codice commessa) · BU: anagrafica CVS BU · classificazione: anagrafica CVS BU
;;PPP-IPU-B506-01;COMUNE DI CAMPI SALENTINA ;Campi Salentina;South;Public Streetlighting;PPP; CAMPI SALENTINA ILLUMINAZIONE PUBBLICA;Construction(OLD);;;;;;;;74.706,89;Selettra;;Comune: anagrafica CVS BU (per codice commessa) · BU: anagrafica CVS BU · classificazione: anagrafica CVS BU
;;PPP-IPU-E882-01;COMUNE DI MANDURIA ;Manduria;South;Public Streetlighting;PPP; MANDURIA ILLUMINAZIONE PUBBLICA;Construction(OLD);;;;;;;;114.755,81;Civismart;;Comune: anagrafica CVS BU (per codice commessa) · BU: anagrafica CVS BU · classificazione: anagrafica CVS BU
;;PPP-IPU-I480-02;COMUNE DI SAVONA ;Savona;North West;Public Streetlighting;PPP; IMPIANTI COMUNE DI SAVONA;Construction(OLD);;;;;;;;181.436,85;Ottima;;Comune: anagrafica CVS BU (per codice commessa) · BU: anagrafica CVS BU · classificazione: anagrafica CVS BU
;;PPP-IPU-F229-01;Comune di Mira ;Mira;North East;Public Streetlighting;PPP; IMPIANTI COMUNE DI MIRA;Construction(OLD);;;;;;;;245.954,22;CMV I;;Comune: anagrafica CVS BU (per codice commessa) · BU: anagrafica CVS BU · classificazione: anagrafica CVS BU
;;PPP-IPU-C334-01;COMUNE DI CASTRI DI LECCE ;Castri Di Lecce;South;Public Streetlighting;PPP; CASTRI DI LECCE ILLUMINAZIONE PUBBLICA;Construction(OLD);;;;;;;;4681,5005;Selettra;;Comune: anagrafica CVS BU (per codice commessa) · BU: anagrafica CVS BU · classificazione: anagrafica CVS BU
;;PPP-EEE-B506-04;COMUNE DI CAMPI SALENTINA ;Campi Salentina;South;Smart Buildings;Smart Buildings; EFFICIENTAMENTO ENERGETICO EDIFICI LOTTO 4 E.L.EN.A.;Construction(OLD);;;;;;;;125.591,40;Selettra;;Comune: anagrafica CVS BU (per codice commessa) · BU: anagrafica CVS BU · classificazione: anagrafica CVS BU
;;PPP-IPU-C448-01;COMUNE DI CELLINO SAN MARCO ;Cellino San Marco;South;Public Streetlighting;PPP; CELLINO SAN MARCO ILLUMINAZIONE PUBBLICA;Construction(OLD);;;;;;;;50.842,81;Selettra;;Comune: anagrafica CVS BU (per codice commessa) · BU: anagrafica CVS BU · classificazione: anagrafica CVS BU
;;PPP-IPU-F241-01;Comune di Mirano ;Mirano;North East;Public Streetlighting;PPP; IMPIANTI COMUNE DI MIRANO;Construction(OLD);;;;;;;;192.207,02;CMV I;;Comune: anagrafica CVS BU (per codice commessa) · BU: anagrafica CVS BU · classificazione: anagrafica CVS BU
;;PPP-IPU-L484-01;COMUNE DI UGENTO ;Ugento;South;Public Streetlighting;PPP; UGENTO ILLUMINAZIONE PUBBLICA;Construction(OLD);;;;;;;;86.653,45;Selettra;;Comune: anagrafica CVS BU (per codice commessa) · BU: anagrafica CVS BU · classificazione: anagrafica CVS BU
;;PPP-IPU-D883-01;COMUNE DI GALLIPOLI ;Gallipoli;South;Public Streetlighting;PPP; GALLIPOLI ILLUMINAZIONE PUBBLICA;Construction(OLD);;;;;;;;47.901,82;Selettra;;Comune: anagrafica CVS BU (per codice commessa) · BU: anagrafica CVS BU · classificazione: anagrafica CVS BU
;;PPP-EEE-B294-03;Comune di Bussi sul Tirino - ufficio tecnico ;Bussi Sul Tirino Hm;Centre;Smart Buildings;Smart Buildings; BUSSI SUL TIRINO EFF.TO ENERGETICO EDIFICI;Construction(OLD);;;;;;;;20.847,81;Bussi;;Comune: anagrafica CVS BU (per codice commessa) · BU: anagrafica CVS BU · classificazione: anagrafica CVS BU
;;PPP-IPU-I926-01;Comune di Spotorno ;Spotorno;North West;Public Streetlighting;PPP; SPOTORNO ILLUMINAZIONE PUBBLICA;Construction(OLD);;;;;;;;160.866,97;Ottima;;Comune: anagrafica CVS BU (per codice commessa) · BU: anagrafica CVS BU · classificazione: anagrafica CVS BU
;;PPP-EEE-B506-02;COMUNE DI CAMPI SALENTINA ;CAMPI SALENTINA;South;Smart Buildings;Smart Buildings; EFFICIENTAMENTO ENERGETICO EDIFICI LOTTO 2 E.L.EN.A.;Construction(OLD);;;;;;;;236.327,08;Selettra;;Comune: storico CapEx · BU: storico · classificazione: storico CapEx
;;PPP-EEE-B506-03;COMUNE DI CAMPI SALENTINA ;CAMPI SALENTINA;South;Smart Buildings;Smart Buildings; EFFICIENTAMENTO ENERGETICO EDIFICI LOTTO 3 E.L.EN.A.;Construction(OLD);;;;;;;;191.810,35;Selettra;;Comune: storico CapEx · BU: storico · classificazione: storico CapEx
;;PPP-IPU-F165-01;COMUNE DI MEZZAGO ;Mezzago;North West;Public Streetlighting;PPP; Mezzago ILLUMINAZIONE PUBBLICA;Construction(OLD);;;;;;;;13.597,91;Ottima;;Comune: anagrafica CVS BU (per codice commessa) · BU: anagrafica CVS BU · classificazione: anagrafica CVS BU
;;PPP-IPU-I965-01;Comune di Strà ;Stra;North East;Public Streetlighting;PPP; IMPIANTI COMUNE DI STRA';Construction(OLD);;;;;;;;59.391,84;CMV I;;Comune: anagrafica CVS BU (per codice commessa) · BU: anagrafica CVS BU · classificazione: anagrafica CVS BU
;;PPP-IPU-C824-01;COMUNE DI COGOLLO DEL CENGIO ;Cogollo Del Cengio;North East;Public Streetlighting;PPP; COGOLLO DEL CENGIO ILLUMINAZIONE PUBBLICA;Construction(OLD);;;;;;;;770,5;Civismart;;Comune: anagrafica CVS BU (per codice commessa) · BU: anagrafica CVS BU · classificazione: anagrafica CVS BU
;;PPP-IPU-I805-01;Comune di Solofra ;Solofra;South;Public Streetlighting;PPP; IMPIANTI COMUNE DI SOLOFRA;Construction(OLD);;;;;;;;87.164;Solofra;;Comune: anagrafica CVS BU (per codice commessa) · BU: anagrafica CVS BU · classificazione: anagrafica CVS BU
;;PPP-EEE-B506-01;COMUNE DI CAMPI SALENTINA ;Campi Salentina;South;Smart Buildings;Smart Buildings; EFFICIENTAMENTO ENERGETICO EDIFICI LOTTO 1 E.L.EN.A.;Construction(OLD);;;;;;;;266.451,34;Selettra;;Comune: anagrafica CVS BU (per codice commessa) · BU: anagrafica CVS BU · classificazione: anagrafica CVS BU
;;PPP-IPU-H793-01;COMUNE DI SAN CESARIO DI LECCE ;San Cesario Di Lecce;South;Public Streetlighting;PPP; SAN CESARIO DI LECCE ILLUMINAZIONE PUBBLICA;Construction(OLD);;;;;;;;40.515,40;Selettra;;Comune: anagrafica CVS BU (per codice commessa) · BU: anagrafica CVS BU · classificazione: anagrafica CVS BU
;;PPP-IPU-F874-01;Comune di Nerviano ;Nerviano;North West;Public Streetlighting;PPP; IMPIANTI COMUNE DI NERVIANO;Construction(OLD);;;;;;;;258.556,48;Nerviano;;Comune: anagrafica CVS BU (per codice commessa) · BU: anagrafica CVS BU · classificazione: anagrafica CVS BU
;;PPP-IPU-L294-01;COMUNE DI TORRICELLA ;Torricella;South;Public Streetlighting;PPP; TORRICELLA ILLUMINAZIONE PUBBLICA;Pipeline;;;;;;;;16.944,93;Civismart;;Comune: nuovo (regola Title Case) · BU: storico (nome combacia) · classificazione: storico CapEx
;;PPP-IPU-G712-01;Comune di Pisticci ;Pisticci;South;Public Streetlighting;PPP; PISTICCI ILLUMINAZIONE PUBBLICA;Pipeline;;;;;;;;649,014;Civismart;;Comune: anagrafica CVS BU (per codice commessa) · BU: anagrafica CVS BU · classificazione: anagrafica CVS BU
;;PPP-IPU-B516-01;COMUNE DI CAMPO CALABRO ;Campo Calabro;South;Public Streetlighting;PPP; CAMPO CALABRO ILLUMINAZIONE PUBBLICA;Pipeline;;;;;;;;1119,9045;Civismart;;Comune: nuovo (regola Title Case) · BU: storico (nome combacia) · classificazione: storico CapEx
;;PPP-EEE-H882-02;COMUNE DI SAN GIORGIO IONICO ;San Giorgio Ionico;South;Public Streetlighting;PPP; SAN GIORGIO IONICO EFFICIENTAMENTO EDIFICI;Pipeline;;;;;;;;522,56;Civismart;;Comune: storico CapEx · BU: storico · classificazione: storico CapEx
;;AQ1-IPU-F957-01;COMUNE DI NOVE (VI) ;Nove (vi);North East;Public Streetlighting;C-AQ1; NOVE ILLUMINAZIONE PUBBLICA;Pipeline;;;;;;;;10.825,87;Civismart;;Comune: nuovo (regola Title Case) · BU: storico (nome combacia) · classificazione: storico CapEx
;;PPP-BUS-C638-01;COMUNE DI CHIOGGIA ;Chioggia;North East;Public Fleet Electrification;Public Fleet Electrification; CHIOGGIA TRASPORTO PUBBLICO LOCALE;Pipeline;;;;;;;;2875;Civismart;;Comune: nuovo (regola Title Case) · BU: storico (nome combacia) · classificazione: storico CapEx
;;PPP-IPU-G630-01;COMUNE DI PIETRAVAIRANO ;PIETRAVAIRANO;South;Public Streetlighting;PPP; PIETRAVAIRANO ILLUMINAZIONE PUBBLICA;Pipeline;;;;;;;;275,816;Civismart;;Comune: storico CapEx · BU: storico · classificazione: storico CapEx
;;PPP-IPU-C616-01;COMUNE DI CHIARAVALLE CENTRALE ;Chiaravalle Centrale;South;Public Streetlighting;PPP; CHIARAVALLE CENTRALE ILLUMINAZIONE PUBBLICA;Pipeline;;;;;;;;1094,639;Civismart;;Comune: nuovo (regola Title Case) · BU: storico (nome combacia) · classificazione: storico CapEx
;;PPP-IPU-L658-01;COMUNE DI VALVERDE ;Valverde;South;Public Streetlighting;PPP; VALVERDE ILLUMINAZIONE PUBBLICA;Pipeline;;;;;;;;81,65;Civismart;;Comune: storico CapEx · BU: storico · classificazione: storico CapEx
;;PPP-IPU-E227-01;COMUNE DI GUAGNANO ;Guagnano;South;Public Streetlighting;PPP; GUAGNANO ILLUMINAZIONE PUBBLICA;Pipeline;;;;;;;;2038,2255;Civismart;;Comune: storico CapEx · BU: storico · classificazione: storico CapEx
;;PPP-IPU-H971-01;COMUNE DI SAN LUCIDO ;San Lucido;South;Public Streetlighting;PPP; SAN LUCIDO ILLUMINAZIONE PUBBLICA;Pipeline;;;;;;;;864,984;Civismart;;Comune: nuovo (regola Title Case) · BU: storico (nome combacia) · classificazione: storico CapEx
;;PPP-IPU-D763-01;COMUNE DI FRANCAVILLA AL MARE ;Francavilla al Mare;Centre;Public Streetlighting;PPP; Francavilla al Mare ILLUMINAZIONE PUBBLICA;Pipeline;;;;;;;;1784,46075;Civismart;;Comune: anagrafica CVS BU (per codice commessa) · BU: anagrafica CVS BU · classificazione: anagrafica CVS BU
;;PPP-IPU-H480-01;COMUNE DI RODI GARGANICO ;Rodi Garganico;South;Public Streetlighting;PPP; RODI GARGANICO ILLUMINAZIONE PUBBLICA;Pipeline;;;;;;;;721,28;Civismart;;Comune: storico CapEx · BU: storico · classificazione: storico CapEx
;;PPP-IPU-L998-01;COMUNE DI VILLAPUTZU ;Villaputzu;Centre;Public Streetlighting;PPP; VILLAPUTZU ILLUMINAZIONE PUBBLICA;Pipeline;;;;;;;;7322,5675;Civismart;;Comune: nuovo (regola Title Case) · BU: storico (nome combacia) · classificazione: storico CapEx
;;PPP-EEE-G426-03;COMUNE DI PELLEZZANO ;Pellezzano;South;Smart Buildings;Smart Buildings; EFFICIENTAMENTO ENERGETICO EDIFICI PELLEZZANO;Pipeline;;;;;;;;8372;Civismart;;Comune: storico CapEx · BU: storico · classificazione: storico CapEx
;;PPP-EEE-G786-01;COMUNE DI POLICORO ;Policoro;South;Smart Buildings;Smart Buildings; POLICORO EFFICIENTAMENTO EDIFICI;Pipeline;;;;;;;;19.136;Civismart;;Comune: nuovo (regola Title Case) · BU: storico (nome combacia) · classificazione: storico CapEx
;;PPP-IPU-D150-01;COMUNE DI CREMONA ;Cremona;North West;Public Streetlighting;PPP; CREMONA ILLUMINAZIONE PUBBLICA;Pipeline;;;;;;;;110.477,00;Civismart;;Comune: storico CapEx · BU: storico · classificazione: storico CapEx
;;PPP-IPU-G070-01;COMUNE DI ONIFAI ;Onifai;Centre;Public Streetlighting;PPP; Onifai ILLUMINAZIONE PUBBLICA;Pipeline;;;;;;;;70,0925;Civismart;;Comune: anagrafica CVS BU (per codice commessa) · BU: anagrafica CVS BU · classificazione: anagrafica CVS BU
;;PPP-IPU-L357-01;COMUNE DI TRECCHINA ;TRECCHINA;South;Public Streetlighting;PPP; TRECCHINA ILLUMINAZIONE PUBBLICA;Pipeline;;;;;;;;530,978;Civismart;;Comune: storico CapEx · BU: storico · classificazione: storico CapEx
;;PPP-IPU-A482-01;COMUNE DI ATELLA ;Atella;South;Public Streetlighting;PPP; ATELLA ILLUMINAZIONE PUBBLICA;Pipeline;;;;;;;;2525,607;Civismart;;Comune: nuovo (regola Title Case) · BU: storico (nome combacia) · classificazione: storico CapEx
;;PPP-IPU-M018-01;COMUNE VILLA SAN GIOVANNI ;Comune Villa San Giovanni;South;Public Streetlighting;PPP; VILLA SAN GIOVANNI ILLUMINAZIONE PUBBLICA;Pipeline;;;;;;;;1549,556;Civismart;;Comune: nuovo (regola Title Case) · BU: storico (nome combacia) · classificazione: storico CapEx
;;PPP-IPU-B098-01;Comune di Bovalino ;Bovalino;South;Public Streetlighting;PPP; BOVALINO ILLUMINAZIONE PUBBLICA;Pipeline;;;;;;;;333,822;Civismart;;Comune: nuovo (regola Title Case) · BU: storico (nome combacia) · classificazione: storico CapEx
;;PPP-IPU-G722-01;COMUNE DI PIZZO CALABRO ;Pizzo Calabro;South;Public Streetlighting;PPP; PIZZO CALABRO ILLUMINAZIONE PUBBLICA;Pipeline;;;;;;;;798,376;Civismart;;Comune: nuovo (regola Title Case) · BU: storico (nome combacia) · classificazione: storico CapEx
;;PPP-IPU-E402-01;COMUNE DI LAGANADI ;Laganadi;South;Public Streetlighting;PPP; LAGANADI ILLUMINAZIONE PUBBLICA;Pipeline;;;;;;;;137,908;Civismart;;Comune: nuovo (regola Title Case) · BU: storico (nome combacia) · classificazione: storico CapEx
;;PPP-IPU-B959-01;COMUNE DI CASELLE IN PITTARI ;Caselle In Pittari;South;Public Streetlighting;PPP; CASELLE IN PITTARI ILLUMINAZIONE PUBBLICA;Pipeline;;;;;;;;888,72;Selettra;;Comune: anagrafica CVS BU (per codice commessa) · BU: anagrafica CVS BU · classificazione: anagrafica CVS BU
;;PPP-IPU-E156-01;COMUNE DI GRAVINA DI CATANIA ;Gravina di Catania;South;Public Streetlighting;PPP; GRAVINA DI CATANIA ILLUMINAZIONE PUBBLICA;Pipeline;;;;;;;;3040,485;Civismart;;Comune: nuovo (regola Title Case) · BU: storico (nome combacia) · classificazione: storico CapEx
;;PPP-IPU-A053-01;COMUNE DI ACRI ;Acri;South;Public Streetlighting;PPP; ACRI ILLUMINAZIONE PUBBLICA;Pipeline;;;;;;;;253;Civismart;;Comune: storico CapEx · BU: storico · classificazione: storico CapEx
;;PPP-IPU-D947-01;COMUNE DI GAVOI ;Gavoi;Centre;Public Streetlighting;PPP; GAVOI ILLUMINAZIONE PUBBLICA;Pipeline;;;;;;;;249,228;Ottima;;Comune: anagrafica CVS BU (per codice commessa) · BU: anagrafica CVS BU · classificazione: anagrafica CVS BU
;;PPP-IPU-F843-01;COMUNE DI NARDODIPACE ;Nardodipace;South;Public Streetlighting;PPP; NARDODIPACE ILLUMINAZIONE PUBBLICA;Pipeline;;;;;;;;634,8;Selettra;;Comune: anagrafica CVS BU (per codice commessa) · BU: anagrafica CVS BU · classificazione: anagrafica CVS BU
;;PPP-IPU-H930-01;COMUNE DI SAN GIULIANO MILANESE ;San Giuliano Milanese;North West;Public Streetlighting;PPP; SAN GIULIANO MILANESE ILLUMINAZIONE PUBBLICA;Pipeline;;;;;;;;276,92;Civismart;;Comune: anagrafica CVS BU (per codice commessa) · BU: anagrafica CVS BU · classificazione: anagrafica CVS BU
;;PPP-IPU-L905-01;COMUNE DI VILLA SANTA LUCIA ;Villa Santa Lucia;Centre;Public Streetlighting;PPP; VILLA SANTA LUCIA ILLUMINAZIONE PUBBLICA;PREPARATION;;;;;;;;6476,892;Civismart;;Comune: nuovo (regola Title Case) · BU: storico (nome combacia) · classificazione: storico CapEx
;;PPP-IPU-E974-01;COMUNE DI MARSALA ;MARSALA;South;Public Streetlighting;PPP; MARSALA ILLUMINAZIONE PUBBLICA;PREPARATION;;;;;;;;13.731;Civismart;;Comune: storico CapEx · BU: storico · classificazione: storico CapEx
;;PPP-IPU-D228-01;COMUNE DI CURTI ;Curti;South;Public Streetlighting;PPP; CURTI ILLUMINAZIONE PUBBLICA;PREPARATION;;;;;;;;10.408,31;Civismart;;Comune: storico CapEx · BU: storico · classificazione: storico CapEx
;;PPP-IPU-G813-01;Comune di Pompei ;Pompei;South;Public Streetlighting;PPP; POMPEI ILLUMINAZIONE PUBBLICA;PREPARATION;;;;;;;;23.467,66;Civismart;;Comune: storico CapEx · BU: storico · classificazione: storico CapEx
;;PPP-EEE-G616-02;Comune di Pietragalla ;Pietragalla;South;Smart Buildings;Smart Buildings; PIETRAGALLA EFFICIENTAMENTO EDIFICI;PREPARATION;;;;;;;;2990;Civismart;;Comune: storico CapEx · BU: storico · classificazione: storico CapEx
;;PPP-IPU-D150-01;COMUNE DI CREMONA ;Cremona;North West;Public Streetlighting;PPP; CREMONA ILLUMINAZIONE PUBBLICA;PREPARATION;;;;;;;;11.018,38;Civismart;;Comune: storico CapEx · BU: storico · classificazione: storico CapEx
;;PPP-IPU-L998-01;COMUNE DI VILLAPUTZU ;Villaputzu;Centre;Public Streetlighting;PPP; VILLAPUTZU ILLUMINAZIONE PUBBLICA;PREPARATION;;;;;;;;7908,5155;Civismart;;Comune: nuovo (regola Title Case) · BU: storico (nome combacia) · classificazione: storico CapEx
;;PPP-IPU-H971-01;COMUNE DI SAN LUCIDO ;San Lucido;South;Public Streetlighting;PPP; SAN LUCIDO ILLUMINAZIONE PUBBLICA;PREPARATION;;;;;;;;3817,6205;Civismart;;Comune: nuovo (regola Title Case) · BU: storico (nome combacia) · classificazione: storico CapEx
;;PPP-IPU-B758-01;Comune di Cardinale ;Cardinale;South;Public Streetlighting;PPP; CARDINALE ILLUMINAZIONE PUBBLICA;PREPARATION;;;;;;;;2044,07325;Civismart;BU da verificare;"BU DA VERIFICARE: nel DB commesse è ""North West"", ma il codice catastale B758 corrisponde a Cardinale → ""South"". Valore tenuto: quello del DB commesse. · commessa non presente nell'anagrafica CapEx: % ATI assunta a 1 e Società da confermare"
;;PPP-IPU-E227-01;COMUNE DI GUAGNANO ;Guagnano;South;Public Streetlighting;PPP; GUAGNANO ILLUMINAZIONE PUBBLICA;PREPARATION;;;;;;;;3444,9285;Civismart;;Comune: storico CapEx · BU: storico · classificazione: storico CapEx
;;PPP-IPU-G518-01;COMUNE DI PETRONA' ;Petrona';South;Public Streetlighting;PPP; PETRONA' ILLUMINAZIONE PUBBLICA;PREPARATION;;;;;;;;8766,3235;Civismart;;Comune: storico CapEx · BU: storico · classificazione: storico CapEx
;;PPP-IPU-I305-01;COMUNE DI SANT'ARCANGELO ;Sant'Arcangelo;South;Public Streetlighting;PPP; SANT'ARCANGELO ILLUMINAZIONE PUBBLICA;PREPARATION;;;;;;;;243,524;Selettra;;Comune: anagrafica CVS BU (per codice commessa) · BU: anagrafica CVS BU · classificazione: anagrafica CVS BU
;;PPP-IPU-A991-01;COMUNE DI BORGETTO ;Borgetto;South;Public Streetlighting;PPP; Borgetto ILLUMINAZIONE PUBBLICA;PREPARATION;;;;;;;;16.654,88;Civismart;;Comune: storico CapEx · BU: storico · classificazione: storico CapEx
;;PPP-IPU-E026-01;COMUNE DI GIFFONI SEI CASALI ;Giffoni Sei Casali;South;Public Streetlighting;PPP; GIFFONI SEI CASALI ILLUMINAZIONE PUBBLICA;PREPARATION;;;;;;;;89,907;Civismart;;Comune: anagrafica CVS BU (per codice commessa) · BU: anagrafica CVS BU · classificazione: anagrafica CVS BU
;;PPP-IPU-A053-01;COMUNE DI ACRI ;Acri;South;Public Streetlighting;PPP; ACRI ILLUMINAZIONE PUBBLICA;PREPARATION;;;;;;;;18.546,16;Civismart;;Comune: storico CapEx · BU: storico · classificazione: storico CapEx
;;PPP-IPU-A482-01;COMUNE DI ATELLA ;Atella;South;Public Streetlighting;PPP; ATELLA ILLUMINAZIONE PUBBLICA;PREPARATION;;;;;;;;3355,2055;Civismart;;Comune: nuovo (regola Title Case) · BU: storico (nome combacia) · classificazione: storico CapEx
;;PPP-IPU-A122-01;COMUNE DI ALASSIO ;Alassio;North West;Public Streetlighting;PPP; ALASSIO ILLUMINAZIONE PUBBLICA;PREPARATION;;;;;;;;9645,6825;Civismart;;Comune: storico CapEx · BU: storico · classificazione: storico CapEx
;;PPP-IPU-I393-01;COMUNE DI SAN VITO SULLO IONIO ;SAN VITO SULLO IONIO;South;Public Streetlighting;PPP; SAN VITO SULLO IONIO ILLUMINAZIONE PUBBLICA;PREPARATION;;;;;;;;16.450,46;Civismart;;Comune: storico CapEx · BU: storico · classificazione: storico CapEx
;;PPP-IPU-B275-01;COMUNE DI BURGIO ;Burgio;South;Public Streetlighting;PPP; BURGIO ILLUMINAZIONE PUBBLICA;PREPARATION;;;;;;;;11.020,02;Civismart;;Comune: storico CapEx · BU: storico · classificazione: storico CapEx
;;PPP-IPU-D234-01;COMUNE DI CUSTONACI ;CUSTONACI;South;Public Streetlighting;PPP; CUSTONACI ILLUMINAZIONE PUBBLICA;PREPARATION;;;;;;;;920;Civismart;;Comune: storico CapEx · BU: storico · classificazione: storico CapEx
;;PPP-IPU-B593-01;Comune di Canegrate ;Canegrate;North West;Public Streetlighting;PPP; CANEGRATE ILLUMINAZIONE PUBBLICA;PREPARATION;;;;;;;;19.320;Civismart;;Comune: anagrafica CVS BU (per codice commessa) · BU: anagrafica CVS BU · classificazione: anagrafica CVS BU
;;PPP-IPU-D859-01;COMUNE DI GAIRO ;Gairo;Centre;Public Streetlighting;PPP; GAIRO ILLUMINAZIONE PUBBLICA;PREPARATION;;;;;;;;575;Civismart;;Comune: storico CapEx · BU: storico · classificazione: storico CapEx
;;PPP-IPU-B357-01;CAGNANO VARANO ;VARANO;South;Public Streetlighting;PPP; CAGNANO VARANO ILLUMINAZIONE PUBBLICA;PREPARATION;;;;;;;;2033,74625;Civismart;;Comune: storico CapEx · BU: storico · classificazione: storico CapEx
;;PPP-IPU-B619-01;COMUNE DI CANOSA DI PUGLIA ;Canosa Di Puglia;South;Public Streetlighting;PPP; CANOSA DI PUGLIA ILLUMINAZIONE PUBBLICA;PREPARATION;;;;;;;;52.953,20;Civismart;;Comune: storico CapEx · BU: storico · classificazione: storico CapEx
;;PPP-IPU-A449-01;COMUNE DI ARTENA ;Artena;Centre;Public Streetlighting;PPP; ARTENA ILLUMINAZIONE PUBBLICA;PREPARATION;;;;;;;;3938,175;Civismart;;Comune: storico CapEx · BU: storico · classificazione: storico CapEx
;;PPP-EEE-G426-03;COMUNE DI PELLEZZANO ;Pellezzano;South;Smart Buildings;Smart Buildings; EFFICIENTAMENTO ENERGETICO EDIFICI PELLEZZANO;PREPARATION;;;;;;;;3450;Civismart;;Comune: storico CapEx · BU: storico · classificazione: storico CapEx
;;PPP-EEE-A208-02;Comune di Alliste ;Alliste;South;Smart Buildings;Smart Buildings; EFFICIENTAMENTO ENERGETICO ALLISTE;PREPARATION;;;;;;;;5520;Civismart;;Comune: anagrafica CVS BU (per codice commessa) · BU: anagrafica CVS BU · classificazione: anagrafica CVS BU
;;PPP-IPU-L492-01;COMUNE DI UMBRIATICO ;Umbriatico;South;Public Streetlighting;PPP; UMBRIATICO ILLUMINAZIONE PUBBLICA;PREPARATION;;;;;;;;6533,7365;Civismart;;Comune: storico CapEx · BU: storico · classificazione: storico CapEx
;;PPP-IPU-E493-01;COMUNE DI LAVELLO ;LAVELLO;South;Public Streetlighting;PPP; LAVELLO ILLUMINAZIONE PUBBLICA;PREPARATION;;;;;;;;348,3695;Civismart;;Comune: storico CapEx · BU: storico · classificazione: storico CapEx
;;PPP-IPU-I018-01;COMUNE DI SAN MARZANO DI SAN GIUSEPPE ;San Marzano di San Giuseppe;South;Public Streetlighting;PPP; SAN MARZANO DI SAN GIUSEPPE ILLUMINAZIONE PUBBLICA;PREPARATION;;;;;;;;758,379;Civismart;;Comune: anagrafica CVS BU (per codice commessa) · BU: anagrafica CVS BU · classificazione: anagrafica CVS BU
;;PPP-IPU-D763-01;COMUNE DI FRANCAVILLA AL MARE ;Francavilla al Mare;Centre;Public Streetlighting;PPP; Francavilla al Mare ILLUMINAZIONE PUBBLICA;PREPARATION;;;;;;;;12.972,89;Civismart;;Comune: anagrafica CVS BU (per codice commessa) · BU: anagrafica CVS BU · classificazione: anagrafica CVS BU
;;PPP-IPU-I608-01;Comune di Senigallia ;Senigallia;Centre;Public Streetlighting;PPP; Senigallia - Project 2031ILLUMINAZIONE PUBBLICA;PREPARATION;;;;;;;;443,072;Atlantic;;Comune: anagrafica CVS BU (per codice commessa) · BU: anagrafica CVS BU · classificazione: anagrafica CVS BU
;;PPP-IPU-I549-01;COMUNE DI SCORRANO ;Scorrano;South;Public Streetlighting;PPP; SCORRANO ILLUMINAZIONE PUBBLICA;PREPARATION;;;;;;;;13.137,84;Civismart;;Comune: storico CapEx · BU: storico · classificazione: storico CapEx
;;PPP-IPU-L540-01;COMUNE DI VAIRANO PATENORA ;Vairano Patenora;South;Public Streetlighting;PPP; VAIRANO PATENORA ILLUMINAZIONE PUBBLICA;PREPARATION;;;;;;;;18.495,70;Civismart;;Comune: storico CapEx · BU: storico · classificazione: storico CapEx
;;PPP-IPU-I288-01;Comune di Sant'Angelo Le Fratte ;SANT'ANGELO LE FRATTE;South;Public Streetlighting;PPP; SANT'ANGELO LE FRATTE ILLUMINAZIONE PUBBLICA;PREPARATION;;;;;;;;1411,15925;Civismart;;Comune: storico CapEx · BU: storico · classificazione: storico CapEx
;;PPP-IPU-C130-01;COMUNE DI CASTELLAMMARE DEL GOLFO ;CASTELLAMMARE DEL GOLFO;South;Public Streetlighting;PPP; CASTELLAMMARE DEL GOLFO ILLUMINAZIONE PUBBLICA;PREPARATION;;;;;;;;575;Civismart;;Comune: storico CapEx · BU: storico · classificazione: storico CapEx
;;ATI-IPU-I060-01;COMUNE DI SAN NICOLA ARCELLA ;SAN NICOLA ARCELLA;South;Public Streetlighting;PPP; in ATI San Nicola Arcella ILLUMINAZIONE PUBBLICA;PREPARATION;;;;;;;;787,543;Civismart;;Comune: storico CapEx · BU: storico · classificazione: storico CapEx
;;PPP-IPU-H488-01;COMUNE DI ROGGIANO GRAVINA ;Roggiano Gravina;South;Public Streetlighting;PPP; ROGGIANO GRAVINA ILLUMINAZIONE PUBBLICA;PREPARATION;;;;;;;;18.348,53;Civismart;;Comune: storico CapEx · BU: storico · classificazione: storico CapEx
;;PPP-IPU-E397-01;COMUNE DI LACEDONIA ;LACEDONIA;South;Public Streetlighting;PPP; LACEDONIA ILLUMINAZIONE PUBBLICA;PREPARATION;;;;;;;;7954,16475;Civismart;;Comune: storico CapEx · BU: storico · classificazione: storico CapEx
;;PPP-IPU-E242-01;GUARDIA PIEMONTESE ;GUARDIA PIEMONTESE;South;Public Streetlighting;PPP; GUARDIA PIEMONTESE ILLUMINAZIONE PUBBLICA;PREPARATION;;;;;;;;5680,08;Civismart;;Comune: storico CapEx · BU: storico · classificazione: storico CapEx
;;PPP-IPU-E246-01;COMUNE DI GUARDIA PERTICARA ;Guardia Perticara;South;Public Streetlighting;PPP; Guardia Perticara ILLUMINAZIONE PUBBLICA;PREPARATION;;;;;;;;495,696;Civismart;;Comune: storico CapEx · BU: storico · classificazione: storico CapEx
;;PPP-IPU-G568-01;COMUNE DI PIANO DI SORRENTO ;PIANO DI SORRENTO;South;Public Streetlighting;PPP; PIANO DI SORRENTO ILLUMINAZIONE PUBBLICA;PREPARATION;;;;;;;;2613,02425;Civismart;;Comune: storico CapEx · BU: storico · classificazione: storico CapEx
;;PPP-IPU-D463-01;COMUNE DI FAGGIANO ;FAGGIANO;South;Public Streetlighting;PPP; FAGGIANO ILLUMINAZIONE PUBBLICA;PREPARATION;;;;;;;;23.230,79;Civismart;;Comune: storico CapEx · BU: storico · classificazione: storico CapEx
;;PPP-IPU-B437-01;COMUNE DI CALVANICO ;Calvanico;South;Public Streetlighting;PPP; CALVANICO ILLUMINAZIONE PUBBLICA;PREPARATION;;;;;;;;5426,5855;Civismart;;Comune: anagrafica CVS BU (per codice commessa) · BU: anagrafica CVS BU · classificazione: anagrafica CVS BU
;;PPP-IPU-H982-01;COMUNE DI SAN MARCO D'ALUNZIO ;San Marco D'alunzio;South;Public Streetlighting;PPP; SAN MARCO D'ALUNZIO ILLUMINAZIONE PUBBLICA;PREPARATION;;;;;;;;1076,4;Civismart;;Comune: storico CapEx · BU: storico · classificazione: storico CapEx
;;PPP-IPU-D054-01;COMUNE DI CORTE BRUGNATELLA ;Corte Brugnatella;Centre;Public Streetlighting;PPP; CORTE BRUGNATELLA ILLUMINAZIONE PUBBLICA;PREPARATION;;;;;;;;3923,685;Civismart;;Comune: storico CapEx · BU: storico · classificazione: storico CapEx
;;PPP-IPU-H355-01;COMUNE DI RIVOLI ;Rivoli;North West;Public Streetlighting;PPP; RIVOLI ILLUMINAZIONE PUBBLICA;PREPARATION;;;;;;;;72.017,21;Civismart;;Comune: anagrafica CVS BU (per codice commessa) · BU: anagrafica CVS BU · classificazione: anagrafica CVS BU
;;PPP-IPU-M281-01;COMUNE DI PETROSINO ;Petrosino;South;Public Streetlighting;PPP; PETROSINO ILLUMINAZIONE PUBBLICA;PREPARATION;;;;;;;;22.233,69;Civismart;;Comune: nuovo (regola Title Case) · BU: storico (nome combacia) · classificazione: storico CapEx
;;PPP-IPU-E407-01;COMUNE DI LAGO ;Lago;South;Public Streetlighting;PPP; LAGO ILLUMINAZIONE PUBBLICA;PREPARATION;;;;;;;;957,95;Civismart;;Comune: nuovo (regola Title Case) · BU: storico (nome combacia) · classificazione: storico CapEx
;;PPP-IPU-G663-01;COMUNE DI PIGNOLA ;PIGNOLA;South;Public Streetlighting;PPP; PIGNOLA ILLUMINAZIONE PUBBLICA;PREPARATION;;;;;;;;753,733;Civismart;;Comune: storico CapEx · BU: storico · classificazione: storico CapEx
;;PPP-IPU-I480-01;PROVINCIA DI SAVONA ;PROVINCIA DI SAVONA ;North West;Public Streetlighting;PPP; IMPIANTI PROVINCIA DI SAVONA;PREPARATION;;;;;;;;569,8825;Ottima;;Comune: storico CapEx · BU: storico · classificazione: storico CapEx
;;PPP-IPU-G648-01;COMUNE DI PIEVE FOSCIANA ;Pieve Fosciana;Centre;Public Streetlighting;PPP; PIEVE FOSCIANA ILLUMINAZIONE PUBBLICA;PREPARATION;;;;;;;;50,623;Selettra;;Comune: anagrafica CVS BU (per codice commessa) · BU: anagrafica CVS BU · classificazione: anagrafica CVS BU
;;PPP-IPU-G543-01;COMUNE DI PIANA DEGLI ALBANESI ;Albanesi;South;Public Streetlighting;PPP; PIANA DEGLI ALBANESI ILLUMINAZIONE PUBBLICA;PREPARATION;;;;;;;;1048,593;Civismart;;Comune: anagrafica CVS BU (per codice commessa) · BU: anagrafica CVS BU · classificazione: anagrafica CVS BU
;;PPP-IPU-M256-01;Comune di Scanzano Jonico ;Scanzano Jonico;South;Public Streetlighting;PPP; SCANZANO JONICO ILLUMINAZIONE PUBBLICA;PREPARATION;;;;;;;;640,32;Civismart;;Comune: storico CapEx · BU: storico · classificazione: storico CapEx
;;PPP-IPU-G630-01;COMUNE DI PIETRAVAIRANO ;PIETRAVAIRANO;South;Public Streetlighting;PPP; PIETRAVAIRANO ILLUMINAZIONE PUBBLICA;PREPARATION;;;;;;;;12.359,64;Civismart;;Comune: storico CapEx · BU: storico · classificazione: storico CapEx
;;AQ1-IPU-D541-01;COMUNE DI FERMIGNANO ;Fermignano;Centre;Public Streetlighting;C-AQ1; FermignanoILLUMINAZIONE PUBBLICA;PREPARATION;;;;;;;;166,2325;Civismart;;Comune: anagrafica CVS BU (per codice commessa) · BU: anagrafica CVS BU · classificazione: anagrafica CVS BU
;;PPP-IPU-B111-01;COMUNE DI BRA ;Bra;North West;Public Streetlighting;PPP; BRA ILLUMINAZIONE PUBBLICA;PREPARATION;;;;;;;;609,684;Civismart;;Comune: storico CapEx · BU: storico · classificazione: storico CapEx
;;PPP-IPU-H657-01;COMUNE DI SACILE ;Sacile;North East;Public Streetlighting;PPP; SACILE ILLUMINAZIONE PUBBLICA;PREPARATION;;;;;;;;40.327,19;Civismart;;Comune: storico CapEx · BU: storico · classificazione: storico CapEx
;;PPP-IPU-C543-01;COMUNE DI CERVARA DI ROMA ;Cervara di Roma;Centre;Public Streetlighting;PPP; CERVARA DI ROMA ILLUMINAZIONE PUBBLICA;PREPARATION;;;;;;;;3193,596;Civismart;;Comune: storico CapEx · BU: storico · classificazione: storico CapEx
;;PPP-IPU-E773-01;Comune di Luzzi ;Luzzi;South;Public Streetlighting;PPP; LUZZI ILLUMINAZIONE PUBBLICA;PREPARATION;;;;;;;;21.632,77;Civismart;;Comune: storico CapEx · BU: storico · classificazione: storico CapEx
;;PPP-IPU-I329-01;COMUNE DI SAN TEODORO ;SAN TEODORO;Centre;Public Streetlighting;PPP; SAN TEODORO ILLUMINAZIONE PUBBLICA;PREPARATION;;;;;;;;42.286,67;Civismart;;Comune: storico CapEx · BU: storico · classificazione: storico CapEx
;;PPP-IPU-B266-01;COMUNE DI BUONABITACOLO ;Buonanitacolo;South;Public Streetlighting;PPP; BUONABITACOLO ILLUMINAZIONE PUBBLICA;PREPARATION;;;;;;;;2784,679;Civismart;;Comune: storico CapEx · BU: storico · classificazione: storico CapEx
;;BUS-SMC-B157-01;BRESCIA MOBILITA' S.P.A. ;Brescia Mobilita' S.p.a.;North West;Public Fleet Electrification;Public Fleet Electrification; BRESCIA MOBILITA' SPA TRASPORTO ELETTRICO;PREPARATION;;;;;;;;1707,75;Civismart;;Comune: nuovo (regola Title Case) · BU: storico (nome combacia) · classificazione: storico CapEx
;;PPP-IPU-E271-01;COMUNE DI GUSSAGO ;Gussago;North West;Public Streetlighting;PPP; GUSSAGO ILLUMINAZIONE PUBBLICA;PREPARATION;;;;;;;;23.000;Civismart;;Comune: nuovo (regola Title Case) · BU: storico (nome combacia) · classificazione: storico CapEx
;;PPP-IPU-F889-01;COMUNE DI NICHELINO ;Nichelino;North West;Public Streetlighting;PPP; NICHELINO ILLUMINAZIONE PUBBLICA;PREPARATION;;;;;;;;11.302,20;Civismart;;Comune: nuovo (regola Title Case) · BU: storico (nome combacia) · classificazione: storico CapEx
;;PPP-IPU-I982-01;COMUNE DI STRONGOLI ;Strongoli;South;Public Streetlighting;PPP; STRONGOLI ILLUMINAZIONE PUBBLICA;PREPARATION;;;;;;;;22.699,48;Civismart;;Comune: storico CapEx · BU: storico · classificazione: storico CapEx
;;PPP-IPU-E133-01;COMUNE DI GRAMMICHELE ;Grammichele;South;Public Streetlighting;PPP; GRAMMICHELE ILLUMINAZIONE PUBBLICA;PREPARATION;;;;;;;;2445,1875;Civismart;;Comune: nuovo (regola Title Case) · BU: storico (nome combacia) · classificazione: storico CapEx
;;PPP-IPU-A519-01;Comune di Avigliano ;Avigliano;South;Public Streetlighting;PPP; AVIGLIANO ILLUMINAZIONE PUBBLICA;PREPARATION;;;;;;;;164,8295;Selettra;;Comune: anagrafica CVS BU (per codice commessa) · BU: anagrafica CVS BU · classificazione: anagrafica CVS BU
;;PPP-IPU-G616-01;Comune di Pietragalla ;Pietragalla;South;Public Streetlighting;PPP; PIETRAGALLA ILLUMINAZIONE PUBBLICA;PREPARATION;;;;;;;;1419,77275;Civismart;;Comune: anagrafica CVS BU (per codice commessa) · BU: anagrafica CVS BU · classificazione: anagrafica CVS BU
;;PPP-IPU-F158-01;COMUNE DI MESSINA ;MESSINA;South;Public Streetlighting;PPP; MESSINA ILLUMINAZIONE PUBBLICA;PREPARATION;;;;;;;;1818,587;Civismart;;Comune: storico CapEx · BU: storico · classificazione: storico CapEx
;;PPP-IPU-E205-01;COMUNE DI GROTTAGLIE ;GROTTAGLIE;South;Public Streetlighting;PPP; GROTTAGLIE ILLUMINAZIONE PUBBLICA;PREPARATION;;;;;;;;1389,26325;Civismart;;Comune: storico CapEx · BU: storico · classificazione: storico CapEx
;;PPP-IPU-H221-01;Comune di Regalbuto ;REGALBUTO;South;Public Streetlighting;PPP; REGALBUTO ILLUMINAZIONE PUBBLICA;PREPARATION;;;;;;;;5956,6205;Civismart;;Comune: storico CapEx · BU: storico · classificazione: storico CapEx
;;PPP-IPU-I824-01;Comune di Sommatino ;SOMMATINO;South;Public Streetlighting;PPP; SOMMATINO ILLUMINAZIONE PUBBLICA;PREPARATION;;;;;;;;3251,80325;Civismart;;Comune: storico CapEx · BU: storico · classificazione: storico CapEx
;;PPP-IPU-B521-01;COMUNE DI CAMPOBELLO DI MAZARA ;CAMPOBELLO DI MAZARA;South;Public Streetlighting;PPP; CAMPOBELLO DI MAZARA ILLUMINAZIONE PUBBLICA;PREPARATION;;;;;;;;7708,35225;Civismart;;Comune: storico CapEx · BU: storico · classificazione: storico CapEx
;;PPP-IPU-F206-01;COMUNE DI MILAZZO ;Milazzo;South;Public Streetlighting;PPP; MILAZZO ILLUMINAZIONE PUBBLICA;PREPARATION;;;;;;;;20.218,68;Civismart;da rivedere;commessa non presente nell'anagrafica CapEx: % ATI assunta a 1 e Società da confermare
;;PPP-EEE-H683-01;COMUNE DI SALA CONSILINA ;Sala Consilina;South;Smart Buildings;Smart Buildings; EFFICIENTAMENTO ENERGETICO EDIFICI SALA CONSILINA;PREPARATION;;;;;;;;17.250;Civismart;;Comune: storico CapEx · BU: storico · classificazione: storico CapEx
;;PPP-EEE-L868-01;COMUNE DI VIGARANO MAINARDA ;Vigarano Mainarda;Centre;Smart Buildings;Smart Buildings; VIGARANO MAINARDA EFFICIENTAMENTO ENERGETICO EDIFICI;PREPARATION;;;;;;;;575;Civismart;;Comune: storico CapEx · BU: storico · classificazione: storico CapEx
;;PPP-IPU-H800-01;COMUNE DI SAN CIPRIANO PICENTINO ;San Cipriano Picentino;South;Public Streetlighting;PPP; SAN CIPRIANO PICENTINO ILLUMINAZIONE PUBBLICA;PREPARATION;;;;;;;;5069,085;Civismart;;Comune: storico CapEx · BU: storico · classificazione: storico CapEx
;;PPP-IPU-H688-01;COMUNE DI SALAPARUTA ;Salaparuta;South;Public Streetlighting;PPP; SALAPARUTA ILLUMINAZIONE PUBBLICA;PREPARATION;;;;;;;;11.887,69;Civismart;;Comune: storico CapEx · BU: storico · classificazione: storico CapEx
;;PPP-IPU-A561-01;COMUNE DI MONTECATINI TERME ;Montecatini Terme;Centre;Public Streetlighting;PPP; MONTECATINI TERME ILLUMINAZIONE PUBBLICA;PREPARATION;;;;;;;;39.632,86;Civismart;;Comune: storico CapEx · BU: storico · classificazione: storico CapEx
;;PPP-EEE-A746-02;Comune di Bellante - Uff_eFatturaPA ;Bellante;Centre;Public Streetlighting;PPP; COMUNE DI BELLANTE EFFICIENTAMENTO ENERGETICO EDIFICI;PREPARATION;;;;;;;;1495;Civismart;;Comune: storico CapEx · BU: storico · classificazione: storico CapEx
;;PPP-IPU-F740-01;COMUNE DI MOROLO ;Morolo;Centre;Public Streetlighting;PPP; MOROLO ILLUMINAZIONE PUBBLICA;PREPARATION;;;;;;;;1783,65;Civismart;;Comune: storico CapEx · BU: storico · classificazione: storico CapEx
;;PPP-IPU-L658-01;COMUNE DI VALVERDE ;Valverde;South;Public Streetlighting;PPP; VALVERDE ILLUMINAZIONE PUBBLICA;PREPARATION;;;;;;;;17.888,46;Civismart;;Comune: storico CapEx · BU: storico · classificazione: storico CapEx
;;PPP-EEE-G786-01;COMUNE DI POLICORO ;Policoro;South;Smart Buildings;Smart Buildings; POLICORO EFFICIENTAMENTO EDIFICI;PREPARATION;;;;;;;;19.136;Civismart;;Comune: nuovo (regola Title Case) · BU: storico (nome combacia) · classificazione: storico CapEx
;;PPP-IPU-H834-01;COMUNE DI SAN FELICE A CANCELLO ;San Felice a Cancello;South;Public Streetlighting;PPP; SAN FELICE A CANCELLO ILLUMINAZIONE PUBBLICA;PREPARATION;;;;;;;;3150,5055;Civismart;;Comune: anagrafica CVS BU (per codice commessa) · BU: anagrafica CVS BU · classificazione: anagrafica CVS BU
;;PPP-EEE-F201-03;COMUNE DI MIGLIONICO ;Miglionico;South;Smart Buildings;Smart Buildings; MIGLIONICO EFF.TO ENERGETICO EDIFICI;PREPARATION;;;;;;;;1166,20925;Civismart;;Comune: storico CapEx · BU: storico · classificazione: storico CapEx
;;PPP-IPU-I548-01;Comune di Scordia ;Scordia;South;Public Streetlighting;PPP; SCORDIA ILLUMINAZIONE PUBBLICA;PREPARATION;;;;;;;;505,0455;Civismart;;Comune: storico CapEx · BU: storico · classificazione: storico CapEx
;;PPP-IPU-H480-01;COMUNE DI RODI GARGANICO ;Rodi Garganico;South;Public Streetlighting;PPP; RODI GARGANICO ILLUMINAZIONE PUBBLICA;PREPARATION;;;;;;;;15.469,41;Civismart;;Comune: storico CapEx · BU: storico · classificazione: storico CapEx
;;PPP-IPU-F541-01;COMUNE DI MONTELEONE SABINO ;Monteleone Sabino;Centre;Public Streetlighting;PPP; MONTELEONE SABINO ILLUMINAZIONE PUBBLICA;PREPARATION;;;;;;;;2511,186;Civismart;;Comune: nuovo (regola Title Case) · BU: storico (nome combacia) · classificazione: storico CapEx
;;PPP-IPU-I669-01;COMUNE DI SERRONE ;Serrone;Centre;Public Streetlighting;PPP; SERRONE ILLUMINAZIONE PUBBLICA;PREPARATION;;;;;;;;5852,925;Civismart;;Comune: storico CapEx · BU: storico · classificazione: storico CapEx
;;PPP-IPU-D440-01;COMUNE DI ESPERIA ;Esperia;Centre;Public Streetlighting;PPP; ESPERIA ILLUMINAZIONE PUBBLICA;PREPARATION;;;;;;;;4799,916;Civismart;;Comune: nuovo (regola Title Case) · BU: storico (nome combacia) · classificazione: storico CapEx
;;PPP-IPU-F065-01;COMUNE DI MAZZARINO ;MAZZARINO;South;Public Streetlighting;PPP; MAZZARINO ILLUMINAZIONE PUBBLICA;PREPARATION;;;;;;;;575;Civismart;;Comune: storico CapEx · BU: storico · classificazione: storico CapEx
;;PPP-IPU-L357-01;COMUNE DI TRECCHINA ;TRECCHINA;South;Public Streetlighting;PPP; TRECCHINA ILLUMINAZIONE PUBBLICA;PREPARATION;;;;;;;;874;Civismart;;Comune: storico CapEx · BU: storico · classificazione: storico CapEx
;;PPP-IPU-G376-01;COMUNE DI PATTADA ;Pattada;Centre;Public Streetlighting;PPP; PATTADA ILLUMINAZIONE PUBBLICA;PREPARATION;;;;;;;;575;Civismart;;Comune: storico CapEx · BU: storico · classificazione: storico CapEx
;;PPP-IPU-H281-01;Comune di Riesi ;Riesi;South;Public Streetlighting;PPP; RIESI ILLUMINAZIONE PUBBLICA;PREPARATION;;;;;;;;1315,6;Civismart;;Comune: storico CapEx · BU: storico · classificazione: storico CapEx
;;PPP-IPU-M428-02;COMUNE DI PRESICCE - ACQUARICA ;Presicce;South;Public Streetlighting;PPP; PRESICCE-ACQUARICA (sussidiaria) ILL. PUBBLICA;PREPARATION;;;;;;;;250;Presicce;;Comune: anagrafica CVS BU (per codice commessa) · BU: anagrafica CVS BU · classificazione: anagrafica CVS BU
;;PPP-IPU-F348-01;Comune di Mondolfo ;Mondolfo;Centre;Public Streetlighting;PPP; Mondolfo - PPPILLUMINAZIONE PUBBLICA;PREPARATION;;;;;;;;1472,77625;Civismart;;Comune: anagrafica CVS BU (per codice commessa) · BU: anagrafica CVS BU · classificazione: anagrafica CVS BU
;;PPP-IPU-E339-01;COMUNE DI ISOLA DI CAPO RIZZUTO ;Isola Di Capo Rizzuto;South;Public Streetlighting;PPP; ISOLA DI CAPO RIZZUTO ILLUMINAZIONE PUBBLICA;PREPARATION;;;;;;;;43.929,66;Civismart;;Comune: storico CapEx · BU: storico · classificazione: storico CapEx
;;PPP-IPU-M273-01;COMUNE DI SANTA MARIA LA CARITA' ;Santa Maria la Carita';South;Public Streetlighting;PPP; SANTA MARIA LA CARITA' ILLUMINAZIONE PUBBLICA;PREPARATION;;;;;;;;9668,464;Civismart;;Comune: nuovo (regola Title Case) · BU: storico (nome combacia) · classificazione: storico CapEx
;;PPP-EEE-H882-02;COMUNE DI SAN GIORGIO IONICO ;San Giorgio Ionico;South;Public Streetlighting;PPP; SAN GIORGIO IONICO EFFICIENTAMENTO EDIFICI;PREPARATION;;;;;;;;15.554,98;Civismart;;Comune: storico CapEx · BU: storico · classificazione: storico CapEx
;;PPP-IPU-F004-01;COMUNE DI MASCALI ;Mascali;South;Public Streetlighting;PPP; MASCALI ILLUMINAZIONE PUBBLICA;PREPARATION;;;;;;;;8083,787;Civismart;;Comune: nuovo (regola Title Case) · BU: storico (nome combacia) · classificazione: storico CapEx
;;PPP-IPU-G722-01;COMUNE DI PIZZO CALABRO ;Pizzo Calabro;South;Public Streetlighting;PPP; PIZZO CALABRO ILLUMINAZIONE PUBBLICA;PREPARATION;;;;;;;;95,45;Civismart;;Comune: nuovo (regola Title Case) · BU: storico (nome combacia) · classificazione: storico CapEx
;;PPP-IPU-F637-01;Comune di Montescaglioso ;Montescaglioso;South;Public Streetlighting;PPP; MONTESCAGLIOSO ILLUMINAZIONE PUBBLICA;PREPARATION;;;;;;;;317,952;Civismart;;Comune: anagrafica CVS BU (per codice commessa) · BU: anagrafica CVS BU · classificazione: anagrafica CVS BU
;;PPP-IPU-B429-01;COMUNE DI CALTANISSETTA ;Caltanissetta;South;Public Streetlighting;PPP; CALTANISSETTA ILLUMINAZIONE PUBBLICA;PREPARATION;;;;;;;;11.960;Civismart;;Comune: storico CapEx · BU: storico · classificazione: storico CapEx
;;PPP-IPU-H930-01;COMUNE DI SAN GIULIANO MILANESE ;San Giuliano Milanese;North West;Public Streetlighting;PPP; SAN GIULIANO MILANESE ILLUMINAZIONE PUBBLICA;PREPARATION;;;;;;;;1811,25;Civismart;;Comune: anagrafica CVS BU (per codice commessa) · BU: anagrafica CVS BU · classificazione: anagrafica CVS BU
;;PPP-IPU-E050-01;COMUNE DI GIRIFALCO ;Girifalco;South;Public Streetlighting;PPP; GIRIFALCO ILLUMINAZIONE PUBBLICA;PREPARATION;;;;;;;;20.977,50;Civismart;;Comune: storico CapEx · BU: storico · classificazione: storico CapEx
;;PPP-IPU-I441-01;Comune di Saronno ;Saronno;North West;Public Streetlighting;PPP; SARONNO ILLUMINAZIONE PUBBLICA;PREPARATION;;;;;;;;3622,5;Civismart;;Comune: anagrafica CVS BU (per codice commessa) · BU: anagrafica CVS BU · classificazione: anagrafica CVS BU
;;PPP-IPU-F913-01;COMUNE DI NOCERA SUPERIORE ;Nocera Superiore;South;Public Streetlighting;PPP; NOCERA SUPERIORE ILLUMINAZIONE PUBBLICA;PREPARATION;;;;;;;;31.619,92;Civismart;;Comune: nuovo (regola Title Case) · BU: storico (nome combacia) · classificazione: storico CapEx
;;PPP-IPU-I293-01;COMUNE DI SANT' ANTIMO ;Sant' Antimo;South;Public Streetlighting;PPP; SANT'ANTIMO ILLUMINAZIONE PUBBLICA;PREPARATION;;;;;;;;31.720,96;Civismart;;Comune: nuovo (regola Title Case) · BU: storico (nome combacia) · classificazione: storico CapEx
;;PPP-IPU-F916-01;COMUNE DI NOCIGLIA ;Nociglia;South;Public Streetlighting;PPP; Nociglia ILLUMINAZIONE PUBBLICA;PREPARATION;;;;;;;;7,49225;Civismart;;Comune: anagrafica CVS BU (per codice commessa) · BU: anagrafica CVS BU · classificazione: anagrafica CVS BU
;;PPP-IPU-I852-01;COMUNE DI SORI ;Sori;North West;Public Streetlighting;PPP; SORI ILLUMINAZIONE PUBBLICA;PREPARATION;;;;;;;;842,881;Civismart;;Comune: storico CapEx · BU: storico · classificazione: storico CapEx
;;PPP-IPU-I394-01;COMUNE DI SAN VITO CHIETINO ;San Vito Chietino;Centre;Public Streetlighting;PPP; SAN VITO CHIETINO ILLUMINAZIONE PUBBLICA;Construction;;;;;;;;460;Civismart;;Comune: anagrafica CVS BU (per codice commessa) · BU: anagrafica CVS BU · classificazione: anagrafica CVS BU
;;PPP-IPU-I305-01;COMUNE DI SANT'ARCANGELO ;Sant'Arcangelo;South;Public Streetlighting;PPP; SANT'ARCANGELO ILLUMINAZIONE PUBBLICA;Construction;;;;;;;;6028,14475;Selettra;;Comune: anagrafica CVS BU (per codice commessa) · BU: anagrafica CVS BU · classificazione: anagrafica CVS BU
;;PPP-IPU-F747-01;Comune di Morro D'Oro - Uff_eFatturaPA ;Morro D'Oro Pl;Centre;Public Streetlighting;PPP; MORRO D'ORO ILLUMINAZIONE PUBBLICA;Construction;;;;;;;;4487,461;Ottima;;Comune: anagrafica CVS BU (per codice commessa) · BU: anagrafica CVS BU · classificazione: anagrafica CVS BU
;;PPP-IPU-B959-01;COMUNE DI CASELLE IN PITTARI ;Caselle In Pittari;South;Public Streetlighting;PPP; CASELLE IN PITTARI ILLUMINAZIONE PUBBLICA;Construction;;;;;;;;8312,29775;Selettra;;Comune: anagrafica CVS BU (per codice commessa) · BU: anagrafica CVS BU · classificazione: anagrafica CVS BU
;;PPP-IPU-C448-01;COMUNE DI CELLINO SAN MARCO ;Cellino San Marco;South;Public Streetlighting;PPP; CELLINO SAN MARCO ILLUMINAZIONE PUBBLICA;Construction;;;;;;;;8505,38275;Selettra;;Comune: anagrafica CVS BU (per codice commessa) · BU: anagrafica CVS BU · classificazione: anagrafica CVS BU
;;PPP-IPU-F229-01;Comune di Mira ;Mira;North East;Public Streetlighting;PPP; IMPIANTI COMUNE DI MIRA;Construction;;;;;;;;50.000;CMV I;;Comune: anagrafica CVS BU (per codice commessa) · BU: anagrafica CVS BU · classificazione: anagrafica CVS BU
;;PPP-IPU-G648-01;COMUNE DI PIEVE FOSCIANA ;Pieve Fosciana;Centre;Public Streetlighting;PPP; PIEVE FOSCIANA ILLUMINAZIONE PUBBLICA;Construction;;;;;;;;25.865,94;Selettra;;Comune: anagrafica CVS BU (per codice commessa) · BU: anagrafica CVS BU · classificazione: anagrafica CVS BU
;;PPP-EEE-B294-03;Comune di Bussi sul Tirino - ufficio tecnico ;Bussi Sul Tirino Hm;Centre;Smart Buildings;Smart Buildings; BUSSI SUL TIRINO EFF.TO ENERGETICO EDIFICI;Construction;;;;;;;;22.583,27;Bussi;;Comune: anagrafica CVS BU (per codice commessa) · BU: anagrafica CVS BU · classificazione: anagrafica CVS BU
;;ATI-IPU-D812-01;COMUNE DI FROSSASCO ;Frossasco;North West;Public Streetlighting;PPP; IN ATI FROSSASCO ILLUMINAZIONE PUBBLICA;Construction;;;;;;;;8730,023175;Selettra;;Comune: anagrafica CVS BU (per codice commessa) · BU: anagrafica CVS BU · classificazione: anagrafica CVS BU
;;PPP-IPU-A519-01;Comune di Avigliano ;Avigliano;South;Public Streetlighting;PPP; AVIGLIANO ILLUMINAZIONE PUBBLICA;Construction;;;;;;;;23.493,37;Selettra;;Comune: anagrafica CVS BU (per codice commessa) · BU: anagrafica CVS BU · classificazione: anagrafica CVS BU
;;PPP-IPU-G426-01;COMUNE DI PELLEZZANO ;Pellezzano;South;Public Streetlighting;PPP; PELLEZZANO ILLUMINAZIONE PUBBLICA;Construction;;;;;;;;5869,8645;Selettra;da rivedere;commessa non presente nell'anagrafica CapEx: % ATI assunta a 1 e Società da confermare
;;PPP-IPU-L484-01;COMUNE DI UGENTO ;Ugento;South;Public Streetlighting;PPP; UGENTO ILLUMINAZIONE PUBBLICA;Construction;;;;;;;;61.034,27;Selettra;;Comune: anagrafica CVS BU (per codice commessa) · BU: anagrafica CVS BU · classificazione: anagrafica CVS BU
;;PPP-IPU-F637-01;Comune di Montescaglioso ;Montescaglioso;South;Public Streetlighting;PPP; MONTESCAGLIOSO ILLUMINAZIONE PUBBLICA;Construction;;;;;;;;19.200,44;Civismart;;Comune: anagrafica CVS BU (per codice commessa) · BU: anagrafica CVS BU · classificazione: anagrafica CVS BU
;;PPP-IPU-D223-01;COMUNE DI CURSI ;Cursi;South;Public Streetlighting;PPP; CURSI ILLUMINAZIONE PUBBLICA;Construction;;;;;;;;1295,9465;Selettra;;Comune: anagrafica CVS BU (per codice commessa) · BU: anagrafica CVS BU · classificazione: anagrafica CVS BU
;;PPP-IPU-B506-01;COMUNE DI CAMPI SALENTINA ;Campi Salentina;South;Public Streetlighting;PPP; CAMPI SALENTINA ILLUMINAZIONE PUBBLICA;Construction;;;;;;;;24.447,17;Selettra;;Comune: anagrafica CVS BU (per codice commessa) · BU: anagrafica CVS BU · classificazione: anagrafica CVS BU
;;PPP-IPU-G070-01;COMUNE DI ONIFAI ;Onifai;Centre;Public Streetlighting;PPP; Onifai ILLUMINAZIONE PUBBLICA;Construction;;;;;;;;77,878;Civismart;;Comune: anagrafica CVS BU (per codice commessa) · BU: anagrafica CVS BU · classificazione: anagrafica CVS BU
;;PPP-IPU-A854-01;COMUNE DI BICCARI ;Biccari;South;Public Streetlighting;PPP; BICCARI ILLUMINAZIONE PUBBLICA;Construction;;;;;;;;13.173,40;Civismart;;Comune: anagrafica CVS BU (per codice commessa) · BU: anagrafica CVS BU · classificazione: anagrafica CVS BU
;;ATI-IPU-F481-01;COMUNE DI MONTECORVINO ROVELLA ;Montecorvino Rovella;South;Public Streetlighting;PPP; IN ATI MONTECORVINO ROVELLA ILLUMINAZIONE PUBBLICA;Construction;;;;;;;;1096,522298;Selettra;;Comune: anagrafica CVS BU (per codice commessa) · BU: anagrafica CVS BU · classificazione: anagrafica CVS BU
;;PPP-IPU-M426-01;COMUNE DI COLCERESA ;Colceresa;North East;Public Streetlighting;PPP; COLCERESA ILLUMINAZIONE PUBBLICA;Construction;;;;;;;;1246,14;Carollo;;Comune: anagrafica CVS BU (per codice commessa) · BU: anagrafica CVS BU · classificazione: anagrafica CVS BU
;;PPP-IPU-G560-01;COMUNE DI PIANEZZE ;Pianezze;North East;Public Streetlighting;PPP; PIANEZZE ILLUMINAZIONE PUBBLICA;Construction;;;;;;;;1107,68;Civismart;;Comune: anagrafica CVS BU (per codice commessa) · BU: anagrafica CVS BU · classificazione: anagrafica CVS BU
;;AQ1-IPU-A845-01;COMUNE DI BIANDRONNO ;Biandronno;North West;Public Streetlighting;C-AQ1; BiandronnoILLUMINAZIONE PUBBLICA;Construction;;;;;;;;3085,082;Atlantic;;Comune: anagrafica CVS BU (per codice commessa) · BU: anagrafica CVS BU · classificazione: anagrafica CVS BU
;;PPP-IPU-F165-01;COMUNE DI MEZZAGO ;Mezzago;North West;Public Streetlighting;PPP; Mezzago ILLUMINAZIONE PUBBLICA;Construction;;;;;;;;181.392,35;Ottima;;Comune: anagrafica CVS BU (per codice commessa) · BU: anagrafica CVS BU · classificazione: anagrafica CVS BU
;;PPP-IPU-D763-01;COMUNE DI FRANCAVILLA AL MARE ;Francavilla al Mare;Centre;Public Streetlighting;PPP; Francavilla al Mare ILLUMINAZIONE PUBBLICA;Construction;;;;;;;;6448,188;Civismart;;Comune: anagrafica CVS BU (per codice commessa) · BU: anagrafica CVS BU · classificazione: anagrafica CVS BU
;;CL3-IPU-I608-01;Comune di Senigallia ;Senigallia;Centre;Public Streetlighting;C-Luce 3; SenigalliaILLUMINAZIONE PUBBLICA;Construction;;;;;;;;180,78;Civismart;;Comune: anagrafica CVS BU (per codice commessa) · BU: anagrafica CVS BU · classificazione: anagrafica CVS BU
;;PPP-IPU-E033-01;Comune di Ginestra ;Ginestra;South;Public Streetlighting;PPP; GINESTRA ILLUMINAZIONE PUBBLICA;Construction;;;;;;;;242,098;Civismart;;Comune: anagrafica CVS BU (per codice commessa) · BU: anagrafica CVS BU · classificazione: anagrafica CVS BU
;;PPP-IPU-C334-01;COMUNE DI CASTRI DI LECCE ;Castri Di Lecce;South;Public Streetlighting;PPP; CASTRI DI LECCE ILLUMINAZIONE PUBBLICA;Construction;;;;;;;;11.229,81;Selettra;;Comune: anagrafica CVS BU (per codice commessa) · BU: anagrafica CVS BU · classificazione: anagrafica CVS BU
;;PPP-IPU-L357-01;COMUNE DI TRECCHINA ;TRECCHINA;South;Public Streetlighting;PPP; TRECCHINA ILLUMINAZIONE PUBBLICA;Construction;;;;;;;;932,8225;Civismart;;Comune: storico CapEx · BU: storico · classificazione: storico CapEx
;;PPP-IPU-H793-01;COMUNE DI SAN CESARIO DI LECCE ;San Cesario Di Lecce;South;Public Streetlighting;PPP; SAN CESARIO DI LECCE ILLUMINAZIONE PUBBLICA;Construction;;;;;;;;19.963,89;Selettra;;Comune: anagrafica CVS BU (per codice commessa) · BU: anagrafica CVS BU · classificazione: anagrafica CVS BU
;;PPP-IPU-L850-01;Comune di Vicopisano - Uff_eFatturaPA ;Vicopisano;Centre;Public Streetlighting;PPP; VICOPISANO ILLUMINAZIONE PUBBLICA;Construction;;;;;;;;1286,62;Ottima;;Comune: anagrafica CVS BU (per codice commessa) · BU: anagrafica CVS BU · classificazione: anagrafica CVS BU
;;PPP-IPU-G910-01;COMUNE DI PORTOCANNONE ;Portocannone;Centre;Public Streetlighting;PPP; PORTOCANNONE ILLUMINAZIONE PUBBLICA;Construction;;;;;;;;3220;Civismart;;Comune: anagrafica CVS BU (per codice commessa) · BU: anagrafica CVS BU · classificazione: anagrafica CVS BU
;;PPP-IPU-L074-01;COMUNE DI TAVIANO ;Taviano;South;Public Streetlighting;PPP; COMUNE DI TAVIANO (SUSSIDIARIA) ILLUMINAZIONE PUBBLICA;Construction;;;;;;;;23.718,81;Taviano;;Comune: anagrafica CVS BU (per codice commessa) · BU: anagrafica CVS BU · classificazione: anagrafica CVS BU
;;PPP-IPU-H090-01;COMUNE DI PULSANO ;Pulsano;South;Public Streetlighting;PPP; PULSANO (SUSSIDIARIA) ILLUMINAZIONE PUBBLICA;Construction;;;;;;;;13.494,43;Pulsano;;Comune: anagrafica CVS BU (per codice commessa) · BU: anagrafica CVS BU · classificazione: anagrafica CVS BU
;;PPP-IPU-D947-01;COMUNE DI GAVOI ;Gavoi;Centre;Public Streetlighting;PPP; GAVOI ILLUMINAZIONE PUBBLICA;Construction;;;;;;;;505,8735;Ottima;;Comune: anagrafica CVS BU (per codice commessa) · BU: anagrafica CVS BU · classificazione: anagrafica CVS BU
;;PPP-IPU-C492-01;Comune di Cerchio ;Cerchio;Centre;Public Streetlighting;PPP; CERCHIO ILLUMINAZIONE PUBBLICA;Construction;;;;;;;;22.647,35;Ottima;;Comune: anagrafica CVS BU (per codice commessa) · BU: anagrafica CVS BU · classificazione: anagrafica CVS BU
;;PPP-EEE-L736-01;COMUNE DI VENEZIA ;Venezia HM;North East;Smart Buildings;Smart Buildings; Venezia PBEFFICIENTAMENTO ENERGETICO EDIFICI;Construction;;;;;;;;2482,229;Civismart;;Comune: anagrafica CVS BU (per codice commessa) · BU: anagrafica CVS BU · classificazione: anagrafica CVS BU
;;PPP-IPU-H307-01;COMUNE DI RIONERO IN VULTURE ;Santa Maria Del Cedro;South;Public Streetlighting;PPP; RIONERO IN VULTURE ILLUMINAZIONE PUBBLICA;Construction;;;;;;;;25.978,51;Civismart;;Comune: anagrafica CVS BU (per codice commessa) · BU: anagrafica CVS BU · classificazione: anagrafica CVS BU
;;PPP-IPU-A615-01;COMUNE DI BARAGIANO ;Baragiano;South;Public Streetlighting;PPP; BARAGIANO ILLUMINAZIONE PUBBLICA;Construction;;;;;;;;40.601,57;Civismart;;Comune: anagrafica CVS BU (per codice commessa) · BU: anagrafica CVS BU · classificazione: anagrafica CVS BU
;;ATI-IPU-G674-01;COMUNE DI PINEROLO ;Pinerolo;North West;Public Streetlighting;PPP; IN ATI PINEROLO ILLUMINAZIONE PUBBLICA;Construction;;;;;;;;161.739,06;Selettra;;Comune: anagrafica CVS BU (per codice commessa) · BU: anagrafica CVS BU · classificazione: anagrafica CVS BU
;;PPP-IPU-A350-01;COMUNE DI ARADEO ;Aradeo;South;Public Streetlighting;PPP; ARADEO ILLUMINAZIONE PUBBLICA;Construction;;;;;;;;1461,489;Selettra;;Comune: anagrafica CVS BU (per codice commessa) · BU: anagrafica CVS BU · classificazione: anagrafica CVS BU
;;PPP-IPU-I553-01;COMUNE DI SCURCOLA MARSICANA ;Scurcola Marsicana;Centre;Public Streetlighting;PPP; SCURCOLA MARSICANA ILLUMINAZIONE PUBBLICA;Construction;;;;;;;;13.998,50;Selettra;;Comune: anagrafica CVS BU (per codice commessa) · BU: anagrafica CVS BU · classificazione: anagrafica CVS BU
;;PPP-IPU-F916-01;COMUNE DI NOCIGLIA ;Nociglia;South;Public Streetlighting;PPP; Nociglia ILLUMINAZIONE PUBBLICA;Construction;;;;;;;;19.211,15;Civismart;;Comune: anagrafica CVS BU (per codice commessa) · BU: anagrafica CVS BU · classificazione: anagrafica CVS BU
;;PPP-IPU-E716-01;Comune di Lucera ;Lucera;South;Public Streetlighting;PPP; LUCERA ILLUMINAZIONE PUBBLICA;Construction;;;;;;;;74.635,83;Selettra;;Comune: anagrafica CVS BU (per codice commessa) · BU: anagrafica CVS BU · classificazione: anagrafica CVS BU
;;PPP-IPU-G751-01;COMUNE DI POGGIARDO ;Poggiardo;South;Public Streetlighting;PPP; POGGIARDO ILLUMINAZIONE PUBBLICA;Construction;;;;;;;;761,208;Selettra;da rivedere;commessa non presente nell'anagrafica CapEx: % ATI assunta a 1 e Società da confermare
;;CL4-IPU-D643-01;Comune di Foggia ;Foggia;South;Public Streetlighting;C-Luce 4; FoggiaILLUMINAZIONE PUBBLICA;Construction;;;;;;;;104,6385;Civismart;;Comune: anagrafica CVS BU (per codice commessa) · BU: anagrafica CVS BU · classificazione: anagrafica CVS BU
;;PPP-IPU-I608-01;Comune di Senigallia ;Senigallia;Centre;Public Streetlighting;PPP; Senigallia - Project 2031ILLUMINAZIONE PUBBLICA;Construction;;;;;;;;37.491,98;Atlantic;;Comune: anagrafica CVS BU (per codice commessa) · BU: anagrafica CVS BU · classificazione: anagrafica CVS BU
;;PPP-IPU-L326-01;COMUNE DI TRAMUTOLA ;Tramutola;South;Public Streetlighting;PPP; TRAMUTOLA ILLUMINAZIONE PUBBLICA;Construction;;;;;;;;43.754,06;Selettra;;Comune: anagrafica CVS BU (per codice commessa) · BU: anagrafica CVS BU · classificazione: anagrafica CVS BU
;;PPP-IPU-I480-02;COMUNE DI SAVONA ;Savona;North West;Public Streetlighting;PPP; IMPIANTI COMUNE DI SAVONA;Construction;;;;;;;;92.840,44;Ottima;;Comune: anagrafica CVS BU (per codice commessa) · BU: anagrafica CVS BU · classificazione: anagrafica CVS BU
;;PPP-IPU-L736-01;CITTA' METROPOLITANA DI VENEZIA I SMART CITY S.R.L. ;Venezia PL;North East;Public Streetlighting;PPP; Impianti Citta Metropolitana di VeneziaILLUMINAZIONE PUBBLICA;Construction;;;;;;;;17.288,61;Civismart;;Comune: anagrafica CVS BU (per codice commessa) · BU: anagrafica CVS BU · classificazione: anagrafica CVS BU
;;PPP-IPU-F370-01;COMUNE DI MONGRASSANO ;Mongrassano;South;Public Streetlighting;PPP; MONGRASSANO ILLUMINAZIONE PUBBLICA;Construction;;;;;;;;5864,839;Selettra;;Comune: anagrafica CVS BU (per codice commessa) · BU: anagrafica CVS BU · classificazione: anagrafica CVS BU
;;PPP-IPU-I019-01;COMUNE DI SAN MARZANO SUL SARNO ;San Marzano Sul Sarno;South;Public Streetlighting;PPP; SAN MARZANO SUL SARNO ILLUMINAZIONE PUBBLICA;Construction;;;;;;;;510,2895;Selettra;;Comune: anagrafica CVS BU (per codice commessa) · BU: anagrafica CVS BU · classificazione: anagrafica CVS BU
;;PPP-IPU-F843-01;COMUNE DI NARDODIPACE ;Nardodipace;South;Public Streetlighting;PPP; NARDODIPACE ILLUMINAZIONE PUBBLICA;Construction;;;;;;;;12.823,93;Selettra;;Comune: anagrafica CVS BU (per codice commessa) · BU: anagrafica CVS BU · classificazione: anagrafica CVS BU
;;PPP-IPU-A942-01;COMUNE DI NOVA SIRI ;Nova Siri;South;Public Streetlighting;PPP; NOVA SIRI ILLUMINAZIONE PUBBLICA;Construction;;;;;;;;39.300,32;Selettra;;Comune: anagrafica CVS BU (per codice commessa) · BU: anagrafica CVS BU · classificazione: anagrafica CVS BU
;;PPP-IPU-L835-01;COMUNE DI VIBONATI ;Vibonati;South;Public Streetlighting;PPP; VIBONATI ILLUMINAZIONE PUBBLICA;Construction;;;;;;;;19.089,51;Selettra;;Comune: anagrafica CVS BU (per codice commessa) · BU: anagrafica CVS BU · classificazione: anagrafica CVS BU
;;ATI-IPU-B628-01;COMUNE DI CANTALUPA ;Cantalupa;North West;Public Streetlighting;PPP; IN ATI CANTALUPA ILLUMINAZIONE PUBBLICA;Construction;;;;;;;;1830,299175;Selettra;;Comune: anagrafica CVS BU (per codice commessa) · BU: anagrafica CVS BU · classificazione: anagrafica CVS BU
;;PPP-IPU-D600-01;Comune di Finale Ligure ;Finale Ligure;North West;Public Streetlighting;PPP; FINALE LIGURE ILLUMINAZIONE PUBBLICA;Construction;;;;;;;;70,104;Ottima;;Comune: storico CapEx · BU: storico · classificazione: storico CapEx
;;PPP-IPU-E919-01;Comune di Maratea ;Maratea;South;Public Streetlighting;PPP; MARATEA ILLUMINAZIONE PUBBLICA;Construction;;;;;;;;6455,5365;Selettra;;Comune: anagrafica CVS BU (per codice commessa) · BU: anagrafica CVS BU · classificazione: anagrafica CVS BU
;;PPP-IPU-D883-01;COMUNE DI GALLIPOLI ;Gallipoli;South;Public Streetlighting;PPP; GALLIPOLI ILLUMINAZIONE PUBBLICA;Construction;;;;;;;;54.115,87;Selettra;;Comune: anagrafica CVS BU (per codice commessa) · BU: anagrafica CVS BU · classificazione: anagrafica CVS BU
;;PPP-IPU-L285-01;Comune di Torrevecchia ;Torrevecchia Pia;North West;Public Streetlighting;PPP; IMPIANTI COMUNE DI TORREVECCHIA PIA;Construction;;;;;;;;4122,75;Civismart;;Comune: anagrafica CVS BU (per codice commessa) · BU: anagrafica CVS BU · classificazione: anagrafica CVS BU
;;PPP-IPU-E882-01;COMUNE DI MANDURIA ;Manduria;South;Public Streetlighting;PPP; MANDURIA ILLUMINAZIONE PUBBLICA;Construction;;;;;;;;43.864,27;Civismart;;Comune: anagrafica CVS BU (per codice commessa) · BU: anagrafica CVS BU · classificazione: anagrafica CVS BU
;;PPP-IPU-I805-01;Comune di Solofra ;Solofra;South;Public Streetlighting;PPP; IMPIANTI COMUNE DI SOLOFRA;Construction;;;;;;;;39.483,50;Solofra;;Comune: anagrafica CVS BU (per codice commessa) · BU: anagrafica CVS BU · classificazione: anagrafica CVS BU
;;PPP-IPU-B415-01;Comune di Calitri ;Calitri;South;Public Streetlighting;PPP; CALITRI ILLUMINAZIONE PUBBLICA;Construction;;;;;;;;2072,0355;Civismart;;Comune: anagrafica CVS BU (per codice commessa) · BU: anagrafica CVS BU · classificazione: anagrafica CVS BU
;;ATI-IPU-H498-01;COMUNE DI ROLETTO ;Roletto;North West;Public Streetlighting;PPP; IN ATI ROLETTO ILLUMINAZIONE PUBBLICA;Construction;;;;;;;;3709,74015;Selettra;;Comune: anagrafica CVS BU (per codice commessa) · BU: anagrafica CVS BU · classificazione: anagrafica CVS BU
;;PPP-IPU-I926-01;Comune di Spotorno ;Spotorno;North West;Public Streetlighting;PPP; SPOTORNO ILLUMINAZIONE PUBBLICA;Construction;;;;;;;;406,088;Ottima;;Comune: anagrafica CVS BU (per codice commessa) · BU: anagrafica CVS BU · classificazione: anagrafica CVS BU
;;AQ1-IPU-L191-01;COMUNE DI TOLENTINO ;Tolentino;Centre;Public Streetlighting;C-AQ1; TolentinoILLUMINAZIONE PUBBLICA;Construction;;;;;;;;4463,2075;Civismart;;Comune: anagrafica CVS BU (per codice commessa) · BU: anagrafica CVS BU · classificazione: anagrafica CVS BU
;;AQ1-IPU-D541-01;COMUNE DI FERMIGNANO ;Fermignano;Centre;Public Streetlighting;C-AQ1; FermignanoILLUMINAZIONE PUBBLICA;Construction;;;;;;;;7649,0065;Civismart;;Comune: anagrafica CVS BU (per codice commessa) · BU: anagrafica CVS BU · classificazione: anagrafica CVS BU
;;PPP-IPU-A208-01;Comune di Alliste ;Alliste;South;Public Streetlighting;PPP; ALLISTE ILLUMINAZIONE PUBBLICA;Construction;;;;;;;;1884,5625;Civismart;;Comune: anagrafica CVS BU (per codice commessa) · BU: anagrafica CVS BU · classificazione: anagrafica CVS BU
;;PPP-IPU-B476-01;Comune di Camerota ;Camerota;South;Public Streetlighting;PPP; CAMEROTA ILLUMINAZIONE PUBBLICA;Construction;;;;;;;;2674,96325;Civismart;;Comune: anagrafica CVS BU (per codice commessa) · BU: anagrafica CVS BU · classificazione: anagrafica CVS BU
;;PPP-IPU-I457-01;Comune di Sasso di Castalda ;Sasso Di Castalda;South;Public Streetlighting;PPP; SASSO DI CASTALDA ILLUMINAZIONE PUBBLICA;Construction;;;;;;;;1693,513;Civismart;;Comune: anagrafica CVS BU (per codice commessa) · BU: anagrafica CVS BU · classificazione: anagrafica CVS BU
;;PPP-IPU-B437-01;COMUNE DI CALVANICO ;Calvanico;South;Public Streetlighting;PPP; CALVANICO ILLUMINAZIONE PUBBLICA;Construction;;;;;;;;71.097,46;Civismart;;Comune: anagrafica CVS BU (per codice commessa) · BU: anagrafica CVS BU · classificazione: anagrafica CVS BU
;;PPP-IPU-G293-01;Comune di Palombara Sabina - LAVORI PUBBLICI-URBANISTICA ;Palombara Sabina;Centre;Public Streetlighting;PPP; PALOMBARA SABINA ILLUMINAZIONE PUBBLICA;Construction;;;;;;;;26.025,79;Civismart;;Comune: anagrafica CVS BU (per codice commessa) · BU: anagrafica CVS BU · classificazione: anagrafica CVS BU
;;PPP-IPU-E152-01;Comune di Gravellona Lomellina - Uff_eFatturaPA ;Gravellona Lomellina;North West;Public Streetlighting;PPP; GRAVELLONA LOMELLINA ILLUMINAZIONE PUBBLICA;Construction;;;;;;;;7154,5295;Ottima;;Comune: anagrafica CVS BU (per codice commessa) · BU: anagrafica CVS BU · classificazione: anagrafica CVS BU
;;PPP-IPU-C888-01;COMUNE DI COLOBRARO ;Colobraro;South;Public Streetlighting;PPP; COLOBRARO ILLUMINAZIONE PUBBLICA;Construction;;;;;;;;863,33375;Civismart;;Comune: anagrafica CVS BU (per codice commessa) · BU: anagrafica CVS BU · classificazione: anagrafica CVS BU
;;PPP-IPU-H641-01;Comune di Ruoti ;Ruoti;South;Public Streetlighting;PPP; RUOTI ILLUMINAZIONE PUBBLICA;Construction;;;;;;;;979,97825;Selettra;;Comune: anagrafica CVS BU (per codice commessa) · BU: anagrafica CVS BU · classificazione: anagrafica CVS BU
;;PPP-IPU-L505-01;Comune di Ururi ;Ururi;Centre;Public Streetlighting;PPP; URURI ILLUMINAZIONE PUBBLICA;Construction;;;;;;;;5750;Civismart;;Comune: anagrafica CVS BU (per codice commessa) · BU: anagrafica CVS BU · classificazione: anagrafica CVS BU
;;PPP-IPU-B180-01;CONSORZIO ASI BRINDISI ;Asi Brindisi;South;Public Streetlighting;PPP; ASI BRINDISI ILLUMINAZIONE PUBBLICA;Construction;;;;;;;;243,708;Selettra;;Comune: anagrafica CVS BU (per codice commessa) · BU: anagrafica CVS BU · classificazione: anagrafica CVS BU
;;PPP-IPU-G348-01;Comune di Partinico ;Partinico;South;Public Streetlighting;PPP; PARTINICO ILLUMINAZIONE PUBBLICA;Construction;;;;;;;;132,388;Ottima;;Comune: anagrafica CVS BU (per codice commessa) · BU: anagrafica CVS BU · classificazione: anagrafica CVS BU
;;ATI-IPU-I307-01;COMUNE DI SANT'ARSENIO ;Sant'Arsenio;South;Public Streetlighting;PPP; IN ATI SANT'ARSENIO ILLUMINAZIONE PUBBLICA;Construction;;;;;;;;13,46466;Civismart;;Comune: anagrafica CVS BU (per codice commessa) · BU: anagrafica CVS BU · classificazione: anagrafica CVS BU
;;PPP-IPU-L356-01;Comune di Trecate - Uff_eFatturaPA ;Trecate;North West;Public Streetlighting;PPP; TRECATE ILLUMINAZIONE PUBBLICA;Construction;;;;;;;;162,104;Civismart;;Comune: anagrafica CVS BU (per codice commessa) · BU: anagrafica CVS BU · classificazione: anagrafica CVS BU
;;PPP-IPU-G587-01;COMUNE DI PIAZZOLA SUL BRENTA ;Piazzola Sul Brenta;North East;Public Streetlighting;PPP; PIAZZOLA SUL BRENTA ILLUMINAZIONE PUBBLICA;Construction;;;;;;;;1849,89;Civismart;;Comune: anagrafica CVS BU (per codice commessa) · BU: anagrafica CVS BU · classificazione: anagrafica CVS BU
;;AQ1-IPU-D946-01;COMUNE DI GAVIRATE ;Gavirate;North West;Public Streetlighting;C-AQ1; GavirateILLUMINAZIONE PUBBLICA;Construction;;;;;;;;9164,741;Atlantic;;Comune: anagrafica CVS BU (per codice commessa) · BU: anagrafica CVS BU · classificazione: anagrafica CVS BU
;;CL3-IPU-B754-01;Comune di Cardano al Campo ;Cardano al Campo;North West;Public Streetlighting;C-Luce 3; Cardano al CampoILLUMINAZIONE PUBBLICA;Construction;;;;;;;;33,097;Civismart;;Comune: anagrafica CVS BU (per codice commessa) · BU: anagrafica CVS BU · classificazione: anagrafica CVS BU
;;PPP-IPU-A674-01;Comune di Baronissi ;Baronissi;South;Public Streetlighting;PPP; BARONISSI ILLUMINAZIONE PUBBLICA;Construction;;;;;;;;822,733;Selettra;;Comune: anagrafica CVS BU (per codice commessa) · BU: anagrafica CVS BU · classificazione: anagrafica CVS BU
;;PPP-IPU-M428-02;COMUNE DI PRESICCE - ACQUARICA ;Presicce;South;Public Streetlighting;PPP; PRESICCE-ACQUARICA (sussidiaria) ILL. PUBBLICA;Construction;;;;;;;;26.793,43;Presicce;;Comune: anagrafica CVS BU (per codice commessa) · BU: anagrafica CVS BU · classificazione: anagrafica CVS BU
;;PPP-IPU-F874-01;Comune di Nerviano ;Nerviano;North West;Public Streetlighting;PPP; IMPIANTI COMUNE DI NERVIANO;Construction;;;;;;;;66.190,40;Nerviano;;Comune: anagrafica CVS BU (per codice commessa) · BU: anagrafica CVS BU · classificazione: anagrafica CVS BU
;;PPP-IPU-C717-01;COMUNE DI SANTA MARIA DEL CEDRO ;Santa Maria Del Cedro;South;Public Streetlighting;PPP; SANTA MARIA DEL CEDRO ILLUMINAZIONE PUBBLICA;Construction;;;;;;;;1150,7705;Civismart;;Comune: anagrafica CVS BU (per codice commessa) · BU: anagrafica CVS BU · classificazione: anagrafica CVS BU
;;PPP-IPU-E026-01;COMUNE DI GIFFONI SEI CASALI ;Giffoni Sei Casali;South;Public Streetlighting;PPP; GIFFONI SEI CASALI ILLUMINAZIONE PUBBLICA;Construction;;;;;;;;248,2505;Civismart;;Comune: anagrafica CVS BU (per codice commessa) · BU: anagrafica CVS BU · classificazione: anagrafica CVS BU
;;PPP-IPU-H147-01;COMUNE DI RACALE ;Racale;South;Public Streetlighting;PPP; COMUNE DI RACALE ILLUMINAZIONE PUBBLICA;Construction;;;;;;;;243,708;Selettra;;Comune: anagrafica CVS BU (per codice commessa) · BU: anagrafica CVS BU · classificazione: anagrafica CVS BU
;;PPP-IPU-I917-01;COMUNE DI SPINOSO ;Spinoso;South;Public Streetlighting;PPP; SPINOSO ILLUMINAZIONE PUBBLICA;Construction;;;;;;;;1325,697;Selettra;;Comune: anagrafica CVS BU (per codice commessa) · BU: anagrafica CVS BU · classificazione: anagrafica CVS BU
;;PPP-IPU-A746-01;Comune di Bellante - Uff_eFatturaPA ;Bellante;Centre;Public Streetlighting;PPP; BELLANTE ILLUMINAZIONE PUBBLICA;Construction;;;;;;;;6681,684;Ottima;;Comune: anagrafica CVS BU (per codice commessa) · BU: anagrafica CVS BU · classificazione: anagrafica CVS BU
;;PPP-IPU-A488-01;Comune di Atri ;Atri;Centre;Public Streetlighting;PPP; ATRI EDIFICI ILLUMINAZIONE PUBBLICA;Construction;;;;;;;;3394,5125;Civismart;;Comune: anagrafica CVS BU (per codice commessa) · BU: anagrafica CVS BU · classificazione: anagrafica CVS BU
;;PPP-IPU-I965-01;Comune di Strà ;Stra;North East;Public Streetlighting;PPP; IMPIANTI COMUNE DI STRA';Construction;;;;;;;;2217,69;CMV I;;Comune: anagrafica CVS BU (per codice commessa) · BU: anagrafica CVS BU · classificazione: anagrafica CVS BU
;;PPP-IPU-F826-01;COMUNE DI MUSILE DI PIAVE ;Musile di Piave;North East;Public Streetlighting;PPP; MUSILE DI PIAVE ILLUMINAZIONE PUBBLICA;Construction;;;;;;;;52.895,20;CMV II;;Comune: anagrafica CVS BU (per codice commessa) · BU: anagrafica CVS BU · classificazione: anagrafica CVS BU
;;ATI-IPU-G325-01;COMUNE DI PARABITA ;Parabita;South;Public Streetlighting;PPP; IN ATI PARABITA ILLUMINAZIONE PUBBLICA;Construction;;;;;;;;981,92451;Selettra;;Comune: anagrafica CVS BU (per codice commessa) · BU: anagrafica CVS BU · classificazione: anagrafica CVS BU
;;PPP-IPU-G867-01;COMUNE DI PONTIROLO NUOVO ;Pontirolo Nuovo;North West;Public Streetlighting;PPP; Pontirolo Nuovo ILLUMINAZIONE PUBBLICA;Construction;;;;;;;;16.390,26;Ottima;;Comune: anagrafica CVS BU (per codice commessa) · BU: anagrafica CVS BU · classificazione: anagrafica CVS BU
;;PPP-IPU-G878-01;COMUNE DI POPOLI ;Popoli;Centre;Public Streetlighting;PPP; POPOLI ILLUMINAZIONE PUBBLICA;Construction;;;;;;;;1509,145;Ottima;;Comune: anagrafica CVS BU (per codice commessa) · BU: anagrafica CVS BU · classificazione: anagrafica CVS BU
;;PPP-IPU-I553-01;COMUNE DI SCURCOLA MARSICANA ;Scurcola Marsicana;Centre;Public Streetlighting;PPP; SCURCOLA MARSICANA ILLUMINAZIONE PUBBLICA;Construction & Operational;;;;;;;;23.060,17;Selettra;;Comune: anagrafica CVS BU (per codice commessa) · BU: anagrafica CVS BU · classificazione: anagrafica CVS BU
;;PPP-IPU-H090-01;COMUNE DI PULSANO ;Pulsano;South;Public Streetlighting;PPP; PULSANO (SUSSIDIARIA) ILLUMINAZIONE PUBBLICA;Construction & Operational;;;;;;;;266.650,99;Pulsano;;Comune: anagrafica CVS BU (per codice commessa) · BU: anagrafica CVS BU · classificazione: anagrafica CVS BU
;;PPP-IPU-L326-01;COMUNE DI TRAMUTOLA ;Tramutola;South;Public Streetlighting;PPP; TRAMUTOLA ILLUMINAZIONE PUBBLICA;Construction & Operational;;;;;;;;32.460,37;Selettra;;Comune: anagrafica CVS BU (per codice commessa) · BU: anagrafica CVS BU · classificazione: anagrafica CVS BU
;;PPP-IPU-B959-01;COMUNE DI CASELLE IN PITTARI ;Caselle In Pittari;South;Public Streetlighting;PPP; CASELLE IN PITTARI ILLUMINAZIONE PUBBLICA;Construction & Operational;;;;;;;;31.182,61;Selettra;;Comune: anagrafica CVS BU (per codice commessa) · BU: anagrafica CVS BU · classificazione: anagrafica CVS BU
;;PPP-EEE-L736-01;COMUNE DI VENEZIA ;Venezia HM;North East;Smart Buildings;Smart Buildings; Venezia PBEFFICIENTAMENTO ENERGETICO EDIFICI;Construction & Operational;;;;;;;;321.329,65;Civismart;;Comune: anagrafica CVS BU (per codice commessa) · BU: anagrafica CVS BU · classificazione: anagrafica CVS BU
;;PPP-IPU-C231-01;Comune di Castelnuovo Cilento ;Castelnuovo Cilento;South;Public Streetlighting;PPP; CASTELNUOVO CILENTO ILLUMINAZIONE PUBBLICA;Construction & Operational;;;;;;;;1725;Civismart;;Comune: anagrafica CVS BU (per codice commessa) · BU: anagrafica CVS BU · classificazione: anagrafica CVS BU
;;PPP-IPU-D883-01;COMUNE DI GALLIPOLI ;Gallipoli;South;Public Streetlighting;PPP; GALLIPOLI ILLUMINAZIONE PUBBLICA;Construction & Operational;;;;;;;;24.079,06;Selettra;;Comune: anagrafica CVS BU (per codice commessa) · BU: anagrafica CVS BU · classificazione: anagrafica CVS BU
;;PPP-IPU-A519-01;Comune di Avigliano ;Avigliano;South;Public Streetlighting;PPP; AVIGLIANO ILLUMINAZIONE PUBBLICA;Construction & Operational;;;;;;;;31.147,62;Selettra;;Comune: anagrafica CVS BU (per codice commessa) · BU: anagrafica CVS BU · classificazione: anagrafica CVS BU
;;ATI-IPU-G674-01;COMUNE DI PINEROLO ;Pinerolo;North West;Public Streetlighting;PPP; IN ATI PINEROLO ILLUMINAZIONE PUBBLICA;Construction & Operational;;;;;;;;386.092,86;Selettra;;Comune: anagrafica CVS BU (per codice commessa) · BU: anagrafica CVS BU · classificazione: anagrafica CVS BU
;;PPP-IPU-B826-01;Comune di Carpineto Sinello - Uff. eFatturaPA ;Carpineto Sinello;Centre;Public Streetlighting;PPP; IMPIANTI COMUNE DI CARPINETO SINELLO;Construction & Operational;;;;;;;;690;Ottima;;Comune: anagrafica CVS BU (per codice commessa) · BU: anagrafica CVS BU · classificazione: anagrafica CVS BU
;;PPP-IPU-F874-01;Comune di Nerviano ;Nerviano;North West;Public Streetlighting;PPP; IMPIANTI COMUNE DI NERVIANO;Construction & Operational;;;;;;;;598,52;Nerviano;;Comune: anagrafica CVS BU (per codice commessa) · BU: anagrafica CVS BU · classificazione: anagrafica CVS BU
;;PPP-IPU-D415-01;COMUNE DI ERACLEA ;Eraclea;North East;Public Streetlighting;PPP; ERACLEA ILLUMINAZIONE PUBBLICA;Construction & Operational;;;;;;;;303;CMV II;;Comune: nuovo (regola Title Case) · BU: storico (nome combacia) · classificazione: storico CapEx
;;PPP-IPU-A746-01;Comune di Bellante - Uff_eFatturaPA ;Bellante;Centre;Public Streetlighting;PPP; BELLANTE ILLUMINAZIONE PUBBLICA;Construction & Operational;;;;;;;;40.847,90;Ottima;;Comune: anagrafica CVS BU (per codice commessa) · BU: anagrafica CVS BU · classificazione: anagrafica CVS BU
;;PPP-IPU-L835-01;COMUNE DI VIBONATI ;Vibonati;South;Public Streetlighting;PPP; VIBONATI ILLUMINAZIONE PUBBLICA;Construction & Operational;;;;;;;;37.508,41;Selettra;;Comune: anagrafica CVS BU (per codice commessa) · BU: anagrafica CVS BU · classificazione: anagrafica CVS BU
;;PPP-IPU-A615-01;COMUNE DI BARAGIANO ;Baragiano;South;Public Streetlighting;PPP; BARAGIANO ILLUMINAZIONE PUBBLICA;Construction & Operational;;;;;;;;27.542,44;Civismart;;Comune: anagrafica CVS BU (per codice commessa) · BU: anagrafica CVS BU · classificazione: anagrafica CVS BU
;;PPP-IPU-M426-01;COMUNE DI COLCERESA ;Colceresa;North East;Public Streetlighting;PPP; COLCERESA ILLUMINAZIONE PUBBLICA;Construction & Operational;;;;;;;;8153,3275;Carollo;;Comune: anagrafica CVS BU (per codice commessa) · BU: anagrafica CVS BU · classificazione: anagrafica CVS BU
;;PPP-IPU-E919-01;Comune di Maratea ;Maratea;South;Public Streetlighting;PPP; MARATEA ILLUMINAZIONE PUBBLICA;Construction & Operational;;;;;;;;4539,142;Selettra;;Comune: anagrafica CVS BU (per codice commessa) · BU: anagrafica CVS BU · classificazione: anagrafica CVS BU
;;ATI-IPU-H498-01;COMUNE DI ROLETTO ;Roletto;North West;Public Streetlighting;PPP; IN ATI ROLETTO ILLUMINAZIONE PUBBLICA;Construction & Operational;;;;;;;;23.819,06;Selettra;;Comune: anagrafica CVS BU (per codice commessa) · BU: anagrafica CVS BU · classificazione: anagrafica CVS BU
;;PPP-IPU-F229-01;Comune di Mira ;Mira;North East;Public Streetlighting;PPP; IMPIANTI COMUNE DI MIRA;Construction & Operational;;;;;;;;8865,96;CMV I;;Comune: anagrafica CVS BU (per codice commessa) · BU: anagrafica CVS BU · classificazione: anagrafica CVS BU
;;PPP-IPU-D184-01;COMUNE DI CROSIA ;Crosia;South;Public Streetlighting;PPP; CROSIA ILLUMINAZIONE PUBBLICA;Construction & Operational;;;;;;;;6784,95;Crosia;;Comune: anagrafica CVS BU (per codice commessa) · BU: anagrafica CVS BU · classificazione: anagrafica CVS BU
;;PPP-IPU-D947-01;COMUNE DI GAVOI ;Gavoi;Centre;Public Streetlighting;PPP; GAVOI ILLUMINAZIONE PUBBLICA;Construction & Operational;;;;;;;;43.260,13;Ottima;;Comune: anagrafica CVS BU (per codice commessa) · BU: anagrafica CVS BU · classificazione: anagrafica CVS BU
;;PPP-IPU-F370-01;COMUNE DI MONGRASSANO ;Mongrassano;South;Public Streetlighting;PPP; MONGRASSANO ILLUMINAZIONE PUBBLICA;Construction & Operational;;;;;;;;40.877,79;Selettra;;Comune: anagrafica CVS BU (per codice commessa) · BU: anagrafica CVS BU · classificazione: anagrafica CVS BU
;;PPP-IPU-I480-02;COMUNE DI SAVONA ;Savona;North West;Public Streetlighting;PPP; IMPIANTI COMUNE DI SAVONA;Construction & Operational;;;;;;;;1.401.732,53;Ottima;;Comune: anagrafica CVS BU (per codice commessa) · BU: anagrafica CVS BU · classificazione: anagrafica CVS BU
;;PPP-IPU-I608-01;Comune di Senigallia ;Senigallia;Centre;Public Streetlighting;PPP; Senigallia - Project 2031ILLUMINAZIONE PUBBLICA;Construction & Operational;;;;;;;;80.476,28;Atlantic;;Comune: anagrafica CVS BU (per codice commessa) · BU: anagrafica CVS BU · classificazione: anagrafica CVS BU
;;PPP-IPU-G867-01;COMUNE DI PONTIROLO NUOVO ;Pontirolo Nuovo;North West;Public Streetlighting;PPP; Pontirolo Nuovo ILLUMINAZIONE PUBBLICA;Construction & Operational;;;;;;;;148.022,11;Ottima;;Comune: anagrafica CVS BU (per codice commessa) · BU: anagrafica CVS BU · classificazione: anagrafica CVS BU
;;PPP-IPU-A674-01;Comune di Baronissi ;Baronissi;South;Public Streetlighting;PPP; BARONISSI ILLUMINAZIONE PUBBLICA;Construction & Operational;;;;;;;;20.449,23;Selettra;;Comune: anagrafica CVS BU (per codice commessa) · BU: anagrafica CVS BU · classificazione: anagrafica CVS BU
;;PPP-IPU-A942-01;COMUNE DI NOVA SIRI ;Nova Siri;South;Public Streetlighting;PPP; NOVA SIRI ILLUMINAZIONE PUBBLICA;Construction & Operational;;;;;;;;89.377,01;Selettra;;Comune: anagrafica CVS BU (per codice commessa) · BU: anagrafica CVS BU · classificazione: anagrafica CVS BU
;;PPP-IPU-F916-01;COMUNE DI NOCIGLIA ;Nociglia;South;Public Streetlighting;PPP; Nociglia ILLUMINAZIONE PUBBLICA;Construction & Operational;;;;;;;;28.802,66;Civismart;;Comune: anagrafica CVS BU (per codice commessa) · BU: anagrafica CVS BU · classificazione: anagrafica CVS BU
;;PPP-IPU-G070-01;COMUNE DI ONIFAI ;Onifai;Centre;Public Streetlighting;PPP; Onifai ILLUMINAZIONE PUBBLICA;Construction & Operational;;;;;;;;34.696,08;Civismart;;Comune: anagrafica CVS BU (per codice commessa) · BU: anagrafica CVS BU · classificazione: anagrafica CVS BU
;;PPP-IPU-L424-01;COMUNE DI TRIESTE ;Trieste;North East;Public Streetlighting;PPP; Trieste - PPPILLUMINAZIONE PUBBLICA;Construction & Operational;;;;;;;;118.833,33;Civismart;;Comune: anagrafica CVS BU (per codice commessa) · BU: anagrafica CVS BU · classificazione: anagrafica CVS BU
;;PPP-IPU-E558-01;Comune di Lettomanoppello - UFFICIO TECNICO ;Lettomanoppello;Centre;Public Streetlighting;PPP; LETTOMANOPPELLO ILLUMINAZIONE PUBBLICA;Construction & Operational;;;;;;;;3647,938;Civismart;;Comune: anagrafica CVS BU (per codice commessa) · BU: anagrafica CVS BU · classificazione: anagrafica CVS BU
;;PPP-IPU-H641-01;Comune di Ruoti ;Ruoti;South;Public Streetlighting;PPP; RUOTI ILLUMINAZIONE PUBBLICA;Construction & Operational;;;;;;;;8780,756;Selettra;;Comune: anagrafica CVS BU (per codice commessa) · BU: anagrafica CVS BU · classificazione: anagrafica CVS BU
;;PPP-IPU-I019-01;COMUNE DI SAN MARZANO SUL SARNO ;San Marzano Sul Sarno;South;Public Streetlighting;PPP; SAN MARZANO SUL SARNO ILLUMINAZIONE PUBBLICA;Construction & Operational;;;;;;;;26.144,69;Selettra;;Comune: anagrafica CVS BU (per codice commessa) · BU: anagrafica CVS BU · classificazione: anagrafica CVS BU
;;PPP-IPU-D223-01;COMUNE DI CURSI ;Cursi;South;Public Streetlighting;PPP; CURSI ILLUMINAZIONE PUBBLICA;Construction & Operational;;;;;;;;9568;Selettra;;Comune: anagrafica CVS BU (per codice commessa) · BU: anagrafica CVS BU · classificazione: anagrafica CVS BU
;;PPP-IPU-D171-01;COMUNE DI CRISPIANO ;Crispiano;South;Public Streetlighting;PPP; CRISPIANO ILLUMINAZIONE PUBBLICA;Construction & Operational;;;;;;;;22.425;Civismart;;Comune: anagrafica CVS BU (per codice commessa) · BU: anagrafica CVS BU · classificazione: anagrafica CVS BU
;;PPP-IPU-L736-02;COMUNE DI VENEZIA ;Venezia PL;North East;Public Streetlighting;PPP; Venezia PLILLUMINAZIONE PUBBLICA;Construction & Operational;;;;;;;;102.597,63;Civismart;;Comune: anagrafica CVS BU (per codice commessa) · BU: anagrafica CVS BU · classificazione: anagrafica CVS BU
;;PPP-IPU-I305-01;COMUNE DI SANT'ARCANGELO ;Sant'Arcangelo;South;Public Streetlighting;PPP; SANT'ARCANGELO ILLUMINAZIONE PUBBLICA;Construction & Operational;;;;;;;;1883,3205;Selettra;;Comune: anagrafica CVS BU (per codice commessa) · BU: anagrafica CVS BU · classificazione: anagrafica CVS BU
;;PPP-IPU-F843-01;COMUNE DI NARDODIPACE ;Nardodipace;South;Public Streetlighting;PPP; NARDODIPACE ILLUMINAZIONE PUBBLICA;Construction & Operational;;;;;;;;21.902,33;Selettra;;Comune: anagrafica CVS BU (per codice commessa) · BU: anagrafica CVS BU · classificazione: anagrafica CVS BU
;;PPP-IPU-L850-01;Comune di Vicopisano - Uff_eFatturaPA ;Vicopisano;Centre;Public Streetlighting;PPP; VICOPISANO ILLUMINAZIONE PUBBLICA;Construction & Operational;;;;;;;;20.289,97;Ottima;;Comune: anagrafica CVS BU (per codice commessa) · BU: anagrafica CVS BU · classificazione: anagrafica CVS BU
;;PPP-IPU-I917-01;COMUNE DI SPINOSO ;Spinoso;South;Public Streetlighting;PPP; SPINOSO ILLUMINAZIONE PUBBLICA;Construction & Operational;;;;;;;;2246,6285;Selettra;;Comune: anagrafica CVS BU (per codice commessa) · BU: anagrafica CVS BU · classificazione: anagrafica CVS BU
;;PPP-EEE-B294-03;Comune di Bussi sul Tirino - ufficio tecnico ;Bussi Sul Tirino Hm;Centre;Smart Buildings;Smart Buildings; BUSSI SUL TIRINO EFF.TO ENERGETICO EDIFICI;Construction & Operational;;;;;;;;10.137,30;Bussi;;Comune: anagrafica CVS BU (per codice commessa) · BU: anagrafica CVS BU · classificazione: anagrafica CVS BU
;;PPP-IPU-C638-02;VERITAS SPA ;Chioggia;North East;Public Streetlighting;PPP; Monitoraggio Fotovoltaico VeritasILLUMINAZIONE PUBBLICA;Construction & Operational;;;;;;;;108,1575;Civismart;;Comune: anagrafica CVS BU (per codice commessa) · BU: anagrafica CVS BU · classificazione: anagrafica CVS BU
;;PPP-IPU-F747-01;Comune di Morro D'Oro - Uff_eFatturaPA ;Morro D'Oro Pl;Centre;Public Streetlighting;PPP; MORRO D'ORO ILLUMINAZIONE PUBBLICA;Construction & Operational;;;;;;;;11.913,08;Ottima;;Comune: anagrafica CVS BU (per codice commessa) · BU: anagrafica CVS BU · classificazione: anagrafica CVS BU
;;PPP-IPU-G348-01;Comune di Partinico ;Partinico;South;Public Streetlighting;PPP; PARTINICO ILLUMINAZIONE PUBBLICA;Construction & Operational;;;;;;;;6957,5;Ottima;;Comune: anagrafica CVS BU (per codice commessa) · BU: anagrafica CVS BU · classificazione: anagrafica CVS BU
;;PPP-IPU-E152-01;Comune di Gravellona Lomellina - Uff_eFatturaPA ;Gravellona Lomellina;North West;Public Streetlighting;PPP; GRAVELLONA LOMELLINA ILLUMINAZIONE PUBBLICA;Construction & Operational;;;;;;;;15.172,30;Ottima;;Comune: anagrafica CVS BU (per codice commessa) · BU: anagrafica CVS BU · classificazione: anagrafica CVS BU
;;PPP-IPU-G293-01;Comune di Palombara Sabina - LAVORI PUBBLICI-URBANISTICA ;Palombara Sabina;Centre;Public Streetlighting;PPP; PALOMBARA SABINA ILLUMINAZIONE PUBBLICA;Construction & Operational;;;;;;;;84.033,79;Civismart;;Comune: anagrafica CVS BU (per codice commessa) · BU: anagrafica CVS BU · classificazione: anagrafica CVS BU
;;PPP-IPU-A208-01;Comune di Alliste ;Alliste;South;Public Streetlighting;PPP; ALLISTE ILLUMINAZIONE PUBBLICA;Construction & Operational;;;;;;;;20.930;Civismart;;Comune: anagrafica CVS BU (per codice commessa) · BU: anagrafica CVS BU · classificazione: anagrafica CVS BU
;;PPP-IPU-G648-01;COMUNE DI PIEVE FOSCIANA ;Pieve Fosciana;Centre;Public Streetlighting;PPP; PIEVE FOSCIANA ILLUMINAZIONE PUBBLICA;Construction & Operational;;;;;;;;6066,25;Selettra;;Comune: anagrafica CVS BU (per codice commessa) · BU: anagrafica CVS BU · classificazione: anagrafica CVS BU
;;ATI-IPU-G325-01;COMUNE DI PARABITA ;Parabita;South;Public Streetlighting;PPP; IN ATI PARABITA ILLUMINAZIONE PUBBLICA;Construction & Operational;;;;;;;;1362,579225;Selettra;;Comune: anagrafica CVS BU (per codice commessa) · BU: anagrafica CVS BU · classificazione: anagrafica CVS BU
;;PPP-IPU-G426-01;COMUNE DI PELLEZZANO ;Pellezzano;South;Public Streetlighting;PPP; PELLEZZANO ILLUMINAZIONE PUBBLICA;Construction & Operational;;;;;;;;517,5;Selettra;da rivedere;commessa non presente nell'anagrafica CapEx: % ATI assunta a 1 e Società da confermare
;;PPP-IPU-A462-01;CONSORZIO DI SVILUPPO IND.LE VALLI TRONTO, ASO E TESINO ;Piceno Consind;Centre;Public Streetlighting;PPP; PICENO CONSID ILLUMINAZIONE PUBBLICA;Construction & Operational;;;;;;;;6198,1895;Civismart;;Comune: anagrafica CVS BU (per codice commessa) · BU: anagrafica CVS BU · classificazione: anagrafica CVS BU
;;PPP-IPU-E716-01;Comune di Lucera ;Lucera;South;Public Streetlighting;PPP; LUCERA ILLUMINAZIONE PUBBLICA;Construction & Operational;;;;;;;;6076,393;Selettra;;Comune: anagrafica CVS BU (per codice commessa) · BU: anagrafica CVS BU · classificazione: anagrafica CVS BU
;;PPP-IPU-C492-01;Comune di Cerchio ;Cerchio;Centre;Public Streetlighting;PPP; CERCHIO ILLUMINAZIONE PUBBLICA;Construction & Operational;;;;;;;;9590,31;Ottima;;Comune: anagrafica CVS BU (per codice commessa) · BU: anagrafica CVS BU · classificazione: anagrafica CVS BU
;;ATI-IPU-B628-01;COMUNE DI CANTALUPA ;Cantalupa;North West;Public Streetlighting;PPP; IN ATI CANTALUPA ILLUMINAZIONE PUBBLICA;Construction & Operational;;;;;;;;8717,85675;Selettra;;Comune: anagrafica CVS BU (per codice commessa) · BU: anagrafica CVS BU · classificazione: anagrafica CVS BU
;;PPP-IPU-I805-01;Comune di Solofra ;Solofra;South;Public Streetlighting;PPP; IMPIANTI COMUNE DI SOLOFRA;Construction & Operational;;;;;;;;11.491,69;Solofra;;Comune: anagrafica CVS BU (per codice commessa) · BU: anagrafica CVS BU · classificazione: anagrafica CVS BU
;;AQ1-IPU-D946-01;COMUNE DI GAVIRATE ;Gavirate;North West;Public Streetlighting;C-AQ1; GavirateILLUMINAZIONE PUBBLICA;Construction & Operational;;;;;;;;7432,91;Atlantic;;Comune: anagrafica CVS BU (per codice commessa) · BU: anagrafica CVS BU · classificazione: anagrafica CVS BU
;;PPP-IPU-D012-01;Comune di Courmayeur ;Courmayeur;North West;Public Streetlighting;PPP; COURMAYEUR ILLUMINAZIONE PUBBLICA;Construction & Operational;;;;;;;;2300;Civismart;;Comune: anagrafica CVS BU (per codice commessa) · BU: anagrafica CVS BU · classificazione: anagrafica CVS BU
;;PPP-IPU-H307-01;COMUNE DI RIONERO IN VULTURE ;Santa Maria Del Cedro;South;Public Streetlighting;PPP; RIONERO IN VULTURE ILLUMINAZIONE PUBBLICA;Construction & Operational;;;;;;;;8973,335;Civismart;;Comune: anagrafica CVS BU (per codice commessa) · BU: anagrafica CVS BU · classificazione: anagrafica CVS BU
;;PPP-IPU-H580-01;COMUNE DI ROSSANO VENETO ;Rossano Veneto;North East;Public Streetlighting;PPP; ROSSANO VENETO ILLUMINAZIONE PUBBLICA;Construction & Operational;;;;;;;;11.711,73;Selettra;;Comune: anagrafica CVS BU (per codice commessa) · BU: anagrafica CVS BU · classificazione: anagrafica CVS BU
;;PPP-IPU-G878-01;COMUNE DI POPOLI ;Popoli;Centre;Public Streetlighting;PPP; POPOLI ILLUMINAZIONE PUBBLICA;Construction & Operational;;;;;;;;35.032,80;Ottima;;Comune: anagrafica CVS BU (per codice commessa) · BU: anagrafica CVS BU · classificazione: anagrafica CVS BU
;;PPP-IPU-H823-01;COMUNE DI SAN DONA' DI PIAVE ;San Donà di Piave;North East;Public Streetlighting;PPP; SAN DONA' DI PIAVE ILLUMINAZIONE PUBBLICA;Construction & Operational;;;;;;;;6900;CMV II;;Comune: anagrafica CVS BU (per codice commessa) · BU: anagrafica CVS BU · classificazione: anagrafica CVS BU
;;PPP-IPU-G023-01;Comune di Olevano sul Tusciano ;Olevano Sul Tusciano;South;Public Streetlighting;PPP; OLEVANO SUL TUSCIANO ILLUMINAZIONE PUBBLICA;Construction & Operational;;;;;;;;713,23;Civismart;;Comune: anagrafica CVS BU (per codice commessa) · BU: anagrafica CVS BU · classificazione: anagrafica CVS BU
;;ATI-IPU-I307-01;COMUNE DI SANT'ARSENIO ;Sant'Arsenio;South;Public Streetlighting;PPP; IN ATI SANT'ARSENIO ILLUMINAZIONE PUBBLICA;Construction & Operational;;;;;;;;136,20255;Civismart;;Comune: anagrafica CVS BU (per codice commessa) · BU: anagrafica CVS BU · classificazione: anagrafica CVS BU
;;ATI-IPU-D812-01;COMUNE DI FROSSASCO ;Frossasco;North West;Public Streetlighting;PPP; IN ATI FROSSASCO ILLUMINAZIONE PUBBLICA;Construction & Operational;;;;;;;;32.635,51;Selettra;;Comune: anagrafica CVS BU (per codice commessa) · BU: anagrafica CVS BU · classificazione: anagrafica CVS BU
;;PPP-IPU-E569-01;Comune di Lezzeno - Uff_eFatturaPA ;Lezzeno;North West;Public Streetlighting;PPP; LEZZENO ILLUMINAZIONE PUBBLICA;Construction & Operational;;;;;;;;1955;Ottima;da rivedere;commessa non presente nell'anagrafica CapEx: % ATI assunta a 1 e Società da confermare
;;PPP-IPU-H147-01;COMUNE DI RACALE ;Racale;South;Public Streetlighting;PPP; COMUNE DI RACALE ILLUMINAZIONE PUBBLICA;Construction & Operational;;;;;;;;65.928,68;Selettra;;Comune: anagrafica CVS BU (per codice commessa) · BU: anagrafica CVS BU · classificazione: anagrafica CVS BU
;;PPP-IPU-F637-01;Comune di Montescaglioso ;Montescaglioso;South;Public Streetlighting;PPP; MONTESCAGLIOSO ILLUMINAZIONE PUBBLICA;Construction & Operational;;;;;;;;66.397,92;Civismart;;Comune: anagrafica CVS BU (per codice commessa) · BU: anagrafica CVS BU · classificazione: anagrafica CVS BU
;;PPP-IPU-M428-02;COMUNE DI PRESICCE - ACQUARICA ;Presicce;South;Public Streetlighting;PPP; PRESICCE-ACQUARICA (sussidiaria) ILL. PUBBLICA;Construction & Operational;;;;;;;;360.508,15;Presicce;;Comune: anagrafica CVS BU (per codice commessa) · BU: anagrafica CVS BU · classificazione: anagrafica CVS BU
;;AQ1-IPU-D541-01;COMUNE DI FERMIGNANO ;Fermignano;Centre;Public Streetlighting;C-AQ1; FermignanoILLUMINAZIONE PUBBLICA;Construction & Operational;;;;;;;;4023,5625;Civismart;;Comune: anagrafica CVS BU (per codice commessa) · BU: anagrafica CVS BU · classificazione: anagrafica CVS BU
;;PPP-IPU-C767-01;Comune di Lanuvio - SET.1 Serv.2  PROGRAMMAZIONE, MANUTENZIONE PATRIMONIO, VERDE ;Lanuvio;Centre;Public Streetlighting;PPP; LANUVIO ILLUMINAZIONE PUBBLICA;Construction & Operational;;;;;;;;19.694,31;Ottima;;Comune: anagrafica CVS BU (per codice commessa) · BU: anagrafica CVS BU · classificazione: anagrafica CVS BU
;;PPP-IPU-G910-01;COMUNE DI PORTOCANNONE ;Portocannone;Centre;Public Streetlighting;PPP; PORTOCANNONE ILLUMINAZIONE PUBBLICA;Construction & Operational;;;;;;;;1807,409;Civismart;;Comune: anagrafica CVS BU (per codice commessa) · BU: anagrafica CVS BU · classificazione: anagrafica CVS BU
;;PPP-IPU-L484-01;COMUNE DI UGENTO ;Ugento;South;Public Streetlighting;PPP; UGENTO ILLUMINAZIONE PUBBLICA;Construction & Operational;;;;;;;;31.738,10;Selettra;;Comune: anagrafica CVS BU (per codice commessa) · BU: anagrafica CVS BU · classificazione: anagrafica CVS BU
;;PPP-IPU-L074-01;COMUNE DI TAVIANO ;Taviano;South;Public Streetlighting;PPP; COMUNE DI TAVIANO (SUSSIDIARIA) ILLUMINAZIONE PUBBLICA;Construction & Operational;;;;;;;;224.292,40;Taviano;;Comune: anagrafica CVS BU (per codice commessa) · BU: anagrafica CVS BU · classificazione: anagrafica CVS BU
;;PPP-IPU-G589-01;Comune di Picciano - Uff_eFatturaPA ;Picciano;Centre;Public Streetlighting;PPP; IMPIANTI COMUNE DI PICCIANO;Construction & Operational;;;;;;;;2699,9815;Civismart;;Comune: anagrafica CVS BU (per codice commessa) · BU: anagrafica CVS BU · classificazione: anagrafica CVS BU
;;PPP-IPU-G587-01;COMUNE DI PIAZZOLA SUL BRENTA ;Piazzola Sul Brenta;North East;Public Streetlighting;PPP; PIAZZOLA SUL BRENTA ILLUMINAZIONE PUBBLICA;Construction & Operational;;;;;;;;2691,598;Civismart;;Comune: anagrafica CVS BU (per codice commessa) · BU: anagrafica CVS BU · classificazione: anagrafica CVS BU
;;AQ1-IPU-L191-01;COMUNE DI TOLENTINO ;Tolentino;Centre;Public Streetlighting;C-AQ1; TolentinoILLUMINAZIONE PUBBLICA;Construction & Operational;;;;;;;;9119,477;Civismart;;Comune: anagrafica CVS BU (per codice commessa) · BU: anagrafica CVS BU · classificazione: anagrafica CVS BU
;;PPP-IPU-F165-01;COMUNE DI MEZZAGO ;Mezzago;North West;Public Streetlighting;PPP; Mezzago ILLUMINAZIONE PUBBLICA;Construction & Operational;;;;;;;;97,75;Ottima;;Comune: anagrafica CVS BU (per codice commessa) · BU: anagrafica CVS BU · classificazione: anagrafica CVS BU
;;PPP-IPU-C717-01;COMUNE DI SANTA MARIA DEL CEDRO ;Santa Maria Del Cedro;South;Public Streetlighting;PPP; SANTA MARIA DEL CEDRO ILLUMINAZIONE PUBBLICA;Construction & Operational;;;;;;;;7473,6085;Civismart;;Comune: anagrafica CVS BU (per codice commessa) · BU: anagrafica CVS BU · classificazione: anagrafica CVS BU
;;AQ1-IPU-A845-01;COMUNE DI BIANDRONNO ;Biandronno;North West;Public Streetlighting;C-AQ1; BiandronnoILLUMINAZIONE PUBBLICA;Construction & Operational;;;;;;;;6136,032;Atlantic;;Comune: anagrafica CVS BU (per codice commessa) · BU: anagrafica CVS BU · classificazione: anagrafica CVS BU
;;ATI-IPU-F481-01;COMUNE DI MONTECORVINO ROVELLA ;Montecorvino Rovella;South;Public Streetlighting;PPP; IN ATI MONTECORVINO ROVELLA ILLUMINAZIONE PUBBLICA;Construction & Operational;;;;;;;;10.617,74;Selettra;;Comune: anagrafica CVS BU (per codice commessa) · BU: anagrafica CVS BU · classificazione: anagrafica CVS BU
;;PPP-IPU-A350-01;COMUNE DI ARADEO ;Aradeo;South;Public Streetlighting;PPP; ARADEO ILLUMINAZIONE PUBBLICA;Construction & Operational;;;;;;;;17.940;Selettra;;Comune: anagrafica CVS BU (per codice commessa) · BU: anagrafica CVS BU · classificazione: anagrafica CVS BU
;;PPP-IPU-I394-01;COMUNE DI SAN VITO CHIETINO ;San Vito Chietino;Centre;Public Streetlighting;PPP; SAN VITO CHIETINO ILLUMINAZIONE PUBBLICA;Construction & Operational;;;;;;;;35.824,80;Civismart;;Comune: anagrafica CVS BU (per codice commessa) · BU: anagrafica CVS BU · classificazione: anagrafica CVS BU
;;PPP-IPU-D763-01;COMUNE DI FRANCAVILLA AL MARE ;Francavilla al Mare;Centre;Public Streetlighting;PPP; Francavilla al Mare ILLUMINAZIONE PUBBLICA;Construction & Operational;;;;;;;;616,86;Civismart;;Comune: anagrafica CVS BU (per codice commessa) · BU: anagrafica CVS BU · classificazione: anagrafica CVS BU
;;PPP-IPU-B294-01;Comune di Bussi sul Tirino - ufficio tecnico ;Bussi Sul Tirino Pl;Centre;Public Streetlighting;PPP; BUSSI SUL TIRINO ILLUMINAZIONE PUBBLICA (CIV);Construction & Operational;;;;;;;;920;Civismart;;Comune: anagrafica CVS BU (per codice commessa) · BU: anagrafica CVS BU · classificazione: anagrafica CVS BU
;;PPP-IPU-D593-01;Comune di Filiano ;Filiano;South;Public Streetlighting;PPP; FILIANO ILLUMINAZIONE PUBBLICA;Construction & Operational;;;;;;;;10.350;Civismart;;Comune: anagrafica CVS BU (per codice commessa) · BU: anagrafica CVS BU · classificazione: anagrafica CVS BU
;;PPP-IPU-C334-01;COMUNE DI CASTRI DI LECCE ;Castri Di Lecce;South;Public Streetlighting;PPP; CASTRI DI LECCE ILLUMINAZIONE PUBBLICA;Construction & Operational;;;;;;;;1338,186;Selettra;;Comune: anagrafica CVS BU (per codice commessa) · BU: anagrafica CVS BU · classificazione: anagrafica CVS BU
;;PPP-IPU-B415-01;Comune di Calitri ;Calitri;South;Public Streetlighting;PPP; CALITRI ILLUMINAZIONE PUBBLICA;Construction & Operational;;;;;;;;13.800;Civismart;;Comune: anagrafica CVS BU (per codice commessa) · BU: anagrafica CVS BU · classificazione: anagrafica CVS BU
;;PPP-IPU-C388-01;COMUNE DI JESOLO ;Jesolo;North East;Public Streetlighting;PPP; JESOLO ILLUMINAZIONE PUBBLICA;Construction & Operational;;;;;;;;33.626,03;CMV II;;Comune: nuovo (regola Title Case) · BU: storico (nome combacia) · classificazione: storico CapEx
;;PPP-IPU-B476-01;Comune di Camerota ;Camerota;South;Public Streetlighting;PPP; CAMEROTA ILLUMINAZIONE PUBBLICA;Construction & Operational;;;;;;;;1700,5625;Civismart;;Comune: anagrafica CVS BU (per codice commessa) · BU: anagrafica CVS BU · classificazione: anagrafica CVS BU
;;PPP-IPU-I895-01;COMUNE DI SPEZZANO ALBANESE ;Spezzano Albanese;South;Public Streetlighting;PPP; SPEZZANO ILLUMINAZIONE PUBBLICA;Construction & Operational;;;;;;;;7571,58;Spezzano Albanese;;Comune: anagrafica CVS BU (per codice commessa) · BU: anagrafica CVS BU · classificazione: anagrafica CVS BU
;;PPP-IPU-E033-01;Comune di Ginestra ;Ginestra;South;Public Streetlighting;PPP; GINESTRA ILLUMINAZIONE PUBBLICA;Construction & Operational;;;;;;;;3450;Civismart;;Comune: anagrafica CVS BU (per codice commessa) · BU: anagrafica CVS BU · classificazione: anagrafica CVS BU
;;PPP-IPU-L736-01;CITTA' METROPOLITANA DI VENEZIA I SMART CITY S.R.L. ;Venezia PL;North East;Public Streetlighting;PPP; Impianti Citta Metropolitana di VeneziaILLUMINAZIONE PUBBLICA;Construction & Operational;;;;;;;;2260,164;Civismart;;Comune: anagrafica CVS BU (per codice commessa) · BU: anagrafica CVS BU · classificazione: anagrafica CVS BU
;;PPP-IPU-I332-01;Comune di Sant'Eufemia a Maiella - Uff_eFatturaPA ;Sant'Eufemia A Maiella;Centre;Public Streetlighting;PPP; SANT'EUFEMIA A MAIELLA ILLUMINAZIONE PUBBLICA;Construction & Operational;;;;;;;;690;Ottima;;Comune: anagrafica CVS BU (per codice commessa) · BU: anagrafica CVS BU · classificazione: anagrafica CVS BU
;;PPP-IPU-A053-01;COMUNE DI ACRI ;Acri;South;Public Streetlighting;PPP; ACRI ILLUMINAZIONE PUBBLICA;Scouting;;;;;;;;7833,6045;Civismart;;Comune: storico CapEx · BU: storico · classificazione: storico CapEx
;;PPP-IPU-F889-01;COMUNE DI NICHELINO ;Nichelino;North West;Public Streetlighting;PPP; NICHELINO ILLUMINAZIONE PUBBLICA;Scouting;;;;;;;;10.672;Civismart;;Comune: nuovo (regola Title Case) · BU: storico (nome combacia) · classificazione: storico CapEx
;;SEC-CIM-D593-01;Comune di Filiano ;Filiano PV;South;Cemetary Services;Cemetary Services; Servizi Cimiteriali_Filiano;Scouting;;;;;;;;929,016;Civismart;;Comune: anagrafica CVS BU (per codice commessa) · BU: anagrafica CVS BU · classificazione: anagrafica CVS BU
;;PPP-IPU-E493-01;COMUNE DI LAVELLO ;LAVELLO;South;Public Streetlighting;PPP; LAVELLO ILLUMINAZIONE PUBBLICA;Scouting;;;;;;;;458,528;Civismart;;Comune: storico CapEx · BU: storico · classificazione: storico CapEx
;;PPP-IPU-E407-01;COMUNE DI LAGO ;Lago;South;Public Streetlighting;PPP; LAGO ILLUMINAZIONE PUBBLICA;Scouting;;;;;;;;1688,453;Civismart;;Comune: nuovo (regola Title Case) · BU: storico (nome combacia) · classificazione: storico CapEx
;;SEC-CIM-A519-01;Comune di Avigliano ;Avigliano PV;South;Cemetary Services;Cemetary Services; Servizi Cimiteriali_Avigliano;Scouting;;;;;;;;8748,73425;Civismart;;Comune: anagrafica CVS BU (per codice commessa) · BU: anagrafica CVS BU · classificazione: anagrafica CVS BU
;;PPP-IPU-F874-01;Comune di Nerviano ;Nerviano;North West;Public Streetlighting;PPP; IMPIANTI COMUNE DI NERVIANO;Executive Project;;;;;;;;41.837,94;Nerviano;;Comune: anagrafica CVS BU (per codice commessa) · BU: anagrafica CVS BU · classificazione: anagrafica CVS BU
;;PPP-IPU-I480-02;COMUNE DI SAVONA ;Savona;North West;Public Streetlighting;PPP; IMPIANTI COMUNE DI SAVONA;Executive Project;;;;;;;;796.869,05;Ottima;;Comune: anagrafica CVS BU (per codice commessa) · BU: anagrafica CVS BU · classificazione: anagrafica CVS BU
;;PPP-IPU-F241-01;Comune di Mirano ;Mirano;North East;Public Streetlighting;PPP; IMPIANTI COMUNE DI MIRANO;Executive Project;;;;;;;;99.485,46;CMV I;;Comune: anagrafica CVS BU (per codice commessa) · BU: anagrafica CVS BU · classificazione: anagrafica CVS BU
;;PPP-IPU-F229-01;Comune di Mira ;Mira;North East;Public Streetlighting;PPP; IMPIANTI COMUNE DI MIRA;Executive Project;;;;;;;;36.477,29;CMV I;;Comune: anagrafica CVS BU (per codice commessa) · BU: anagrafica CVS BU · classificazione: anagrafica CVS BU
;;PPP-IPU-F165-01;COMUNE DI MEZZAGO ;Mezzago;North West;Public Streetlighting;PPP; Mezzago ILLUMINAZIONE PUBBLICA;Proposed / Executive Project Consip;;;;;;;;66.298,49;Ottima;;Comune: anagrafica CVS BU (per codice commessa) · BU: anagrafica CVS BU · classificazione: anagrafica CVS BU
;;PPP-IPU-G867-01;COMUNE DI PONTIROLO NUOVO ;Pontirolo Nuovo;North West;Public Streetlighting;PPP; Pontirolo Nuovo ILLUMINAZIONE PUBBLICA;Nominated;;;;;;;;20.927,57;Ottima;;Comune: anagrafica CVS BU (per codice commessa) · BU: anagrafica CVS BU · classificazione: anagrafica CVS BU
;;PPP-IPU-E227-01;COMUNE DI GUAGNANO ;Guagnano;South;Public Streetlighting;PPP; GUAGNANO ILLUMINAZIONE PUBBLICA;Preparation / RPF;;;;;;;;920;Civismart;;Comune: storico CapEx · BU: storico · classificazione: storico CapEx
